SCRIP_CODE,COMPANY_NAME
500002,ABB India Limited
500003,Aegis Logistics Ltd
500008,Amara Raja Batteries Ltd
500010,Housing Development Finance CorpLt
500020,Bombay Dyeing & Mfg Co Ltd
500027,Atul Limited
500031,Bajaj Electricals Ltd
500032,Bajaj Hindusthan Sugar Limited
500033,Force Motors Limited
500034,Bajaj Finance Limited
500038,Balrampur Chini Mills Ltd
500039,Banco Products (India) Ltd
500040,Century Textiles & Industries Ltd
500042,BASF India Ltd
500043,Bata India Limited
500048,BEML Ltd
500049,Bharat Electronics Ltd
500052,Bhansali Engineering Polymers Ltd
500055,TATA STEEL BSL LIMITED
500060,Birla Cable Limited
500067,Blue Star Ltd
500084,CESC Limited
500085,Chambal Fertilisers & Chemicals Ltd
500086,Exide Industries Ltd
500087,Cipla Ltd
500092,CRISIL Ltd
500093,CG Power and Industrial Solutions Limited
500096,Dabur India Ltd
500097,Dalmia Bharat Sugar and Industries Ltd
500101,Arvind Ltd
500103,Bharat Heavy Electricals Ltd
500104,Hindustan Petroleum Corporation Ltd
500106,IFCI Ltd
500108,Mahanagar Telephone Nigam Ltd
500109,Mangalore Refinery & Petrochemicals
500110,Chennai Petroleum Corporation Ltd
500111,Reliance Capital Limited
500112,State Bank Of India
500113,Steel Authority of India Ltd
500114,Titan Company Limited
500116,IDBI Bank Ltd
500117,DCW Ltd
500119,Dhampur Sugar Mills Ltd
500120,Diamines & Chemicals Ltd
500123,Elantas Beck India Ltd
500124,Dr Reddy's Laboratories Ltd
500125,EID Parry (India) Ltd
500126,PROCTER & GAMBLE HEALTH LIMITED
500128,Electrosteel Castings Ltd
500133,Esab India Ltd
500135,Essel Propack ltd
500144,Finolex Cables Ltd
500148,Uflex Limited
500150,Foseco India Ltd
500163,Godfrey Phillips India Ltd
500164,Godrej Industries Ltd
500165,Kansai Nerolac Paints
500168,Goodyear India Ltd
500171,GHCL Ltd
500180,HDFC Bank Ltd
500182,Hero MotoCorp Limited
500183,HFCL LIMITED
500184,Himadri Speciality Chemical Ltd
500185,Hindustan Construction Co Ltd
500186,Hindustan Oil Exploration Co Ltd
500187,HSIL Limited
500188,Hindustan Zinc Ltd
500201,India Glycols Ltd
500209,Infosys Ltd
500210,Ingersoll-Rand (India) Ltd
500214,Ion Exchange (India) Ltd
500215,Agro Tech Foods Ltd
500219,Jain Irrigation Systems Ltd
500227,Jindal Poly Films Ltd
500228,JSW Steel Limited
500233,Kajaria Ceramics Ltd
500235,Kalyani Steels Ltd
500238,Whirlpool of India Ltd
500241,Kirloskar Brothers Ltd
500247,Kotak Mahindra Bank Ltd
500249,KSB LIMITED
500250,LgBalkrishnan & Bros Ltd
500251,Trent Ltd [Lakme Ltd]
500252,Lakshmi Machine Works Ltd
500253,Lic Housing Finance Ltd
500254,Uttam Value Steels Limited
500257,Lupin Ltd
500260,The Ramco Cements Limited
500265,Maharashtra Seamless Ltd
500266,Maharashtra Scooters Ltd
500268,Manali Petrochemicals Ltd
500271,Max Financial Services Limited
500280,Century Enka Ltd
500285,SpiceJet Limited
500288,Morepen Laboratories Ltd
500290,MRF Ltd
500292,HeidelbergCement  India Limited
500294,NCC Limited
500295,Vedanta Limited
500298,National Peroxide Ltd
500300,Grasim Industries Ltd
500302,Piramal Enterprises Limited
500304,NIIT Ltd
500312,Oil And Natural Gas Corporation Ltd
500325,Reliance Industries Ltd
500330,Raymond Limited
500331,Pidilite Industries Ltd
500335,Birla Corporation Ltd
500336,Surya Roshni Ltd
500338,PRISM JOHNSON LIMITED
500339,Rain Industries Limited
500355,Rallis India Ltd
500368,Ruchi Soya Industries ltd
500378,Jindal Saw Ltd
500380,JK Lakshmi Cement Limited
500387,Shree Cements Ltd
500390,Reliance Infrastructure Ltd
500400,Tata Power Co Ltd
500403,Sundram Fasteners Ltd
500404,Sunflag Iron & Steel Co Ltd
500405,Supreme Petrochem Ltd
500407,Swaraj Engines Ltd
500408,Tata Elxsi Ltd
500410,ACC Ltd
500411,Thermax Ltd
500412,Thirumalai Chemicals Ltd
500420,Torrent Pharmaceuticals Ltd
500425,Ambuja Cements Ltd
500440,Hindalco Industries Ltd
500444,West Coast Paper Mills Limited
500459,Procter & Gamble Hygiene & Health Care Ltd
500464,Ucal Fuel Systems Ltd
500467,Harrisons Malayalam Ltd
500469,Federal Bank Ltd
500470,TATA STEEL LIMITED
500472,SKF India Ltd
500477,Ashok Leyland Ltd
500480,Cummins India Ltd
500483,Tata Communications Limited
500488,Abbott India Ltd
500490,Bajaj Holdings & Investment Limited
500493,Bharat Forge Ltd
500495,Escorts Limited
500510,Larsen & Toubro Limited
500520,Mahindra & Mahindra Ltd
500530,Bosch Ltd
500547,Bharat Petroleum Corpn Ltd
500550,Siemens Ltd
500570,Tata Motors Ltd
500575,Voltas Ltd
500620,Great Eastern Shipping Co Ltd
500645,Deepak Fertilizers &Petrochemicals
500650,Excell Industries Ltd
500660,GlaxoSmithkline Pharmaceuticals Ltd
500670,Gujarat Narmada Valley FertCoLtd
500672,Novartis India Limited
500674,Sanofi India Ltd
500680,Pfizer Ltd
500690,Gujarat State Fertilizers & ChemLtd
500696,Hindustan Unilever Ltd
500710,Akzo Nobel India Limited
500730,NOCIL Ltd
500770,Tata Chemicals Ltd
500777,Tamilnadu Petroproducts Ltd
500790,Nestle India Ltd
500800,TATA CONSUMER PRODUCTS LIMITED
500820,Asian Paints Ltd
500825,Britannia Industries Ltd
500830,Colgate-Palmolive (India) Ltd
500840,EIH Ltd
500850,Indian Hotels Co Ltd
500870,Castrol India Ltd
500875,ITC Ltd
500877,Apollo Tyres Ltd
500878,Ceat Ltd
500940,Finolex Industries Ltd
501148,Dalal Street Investments Ltd
501301,Tata Investment Corporation Ltd
501314,PRISMX GLOBAL VENTURES LIMITED
501425,Bombay Burmah Trading Corpn Ltd
501455,Greaves Cotton Ltd
502090,Sagar Cements Ltd
502137,Deccan Cements Ltd
502157,Mangalam Cement Ltd
502168,NCL Industries Limited
502180,Shree Digvijay Cement Co Ltd
502355,Balkrishna Industries Ltd
502420,Orient Paper & Industries Ltd
502450,Seshasayee Paper & Boards Ltd
502742,Sintex Industries Ltd
502937,Kesoram Industries Ltd
502986,Vardhman Textiles Limted
503100,The Phoenix Mills Ltd
503310,Swan Energy Ltd
503806,SRF Ltd
503811,Siyaram Silk Mills Ltd
503816,Swadeshi Polytex Ltd
503960,Bharat Bijlee Ltd
504067,Zensar Technologies Ltd
504112,Nelco Ltd
504351,Empower India Limited
504614,Sarda Energy & Minerals Ltd
504741,Indian Hume Pipe Co Ltd
504918,Sandur Manganese & Iron Ores Ltd
504966,Tinplate Company of India Ltd
504973,CHOLAMANDALAM FINANCIAL HOLDINGS LIMITED
505010,Automotive Axles Ltd
505192,SML ISUZU LIMITED
505200,Eicher Motors Ltd
505255,GMM Pfaudler Ltd
505355,Nesco Ltd
505526,Dolat Investments Ltd
505533,Westlife Development Ltd
505537,Zee Entertainment Enterprises Ltd
505710,Grauer & Weil (India) Ltd
505714,Gabriel India Ltd
505720,Hercules Hoists Ltd
505726,IFB Industries Limited
505790,Schaeffler India Limited
505800,Rane Holdings Ltd
505872,WPIL Ltd
505890,Kennametal India Limtied
506022,Prakash Industries Ltd
506076,Grindwell Norton Ltd
506197,Bliss GVS Pharma Limited
506222,INEOS Styrolution India Limited
506235,Alembic  Ltd
506285,Bayer CropScience Limited
506390,Clariant Chemicals (India) Limited
506395,Coromandel International Limited
506401,Deepak Nitrite Limited
506414,FERMENTA BIOTECH LIMITED
506579,Oriental Carbon & Chemicals Ltd
506590,Phillips Carbon Black Ltd
506655,Sudarshan Chemical Indus Ltd
506687,Transpek Industry Ltd
506690,Unichem Laboratories Ltd
506767,Alkyl Amines Chemicals Ltd
506820,AstraZeneca Pharma India Ltd
506879,Gujarat Themis Biosyn Ltd
506943,JB Chemicals & Pharmaceuticals Lt
507410,Walchandnagar Industries Ltd
507488,GM Breweries Ltd
507526,Associated Alcohols & Breweries Ltd
507685,Wipro  Ltd
507717,Dhanuka Agritech Ltd
507815,Gillette India Ltd
507878,Unitech Ltd
507880,VIP Industries Ltd
508486,Hawkins Cooker Ltd
508814,Cosmo Films Ltd
508869,Apollo Hospitals Enterprises Ltd
508906,Everest Industries Ltd
508989,Navneet Education Limited
509053,Banas Finance Limited
509055,Visaka Industries Ltd
509073,Hathway Bhawani Cabletel & Datacom
509079,Gufic BioSciences Ltd
509148,Govind Rubber Ltd
509243,TVS Srichakra Ltd
509480,Berger Paints India Ltd
509488,Graphite India Ltd
509496,ITD Cementation India Ltd
509557,GARWARE TECHNICAL FIBRES LIMITED
509631,HEG Ltd
509675,HIL Limited
509715,Jay Shree Tea & Industries Ltd
509820,Huhtamaki PPL Limited
509874,Shalimar Paints Ltd
509930,Supreme Industries Ltd
509966,VST Industries Ltd
511072,Dewan Housing Finance Corpn Ltd
511196,Can Fin Homes Ltd
511218,Shriram Transport Finance Co Ltd
511243,Cholamandalam Investment and Finance Company Ltd
511431,Vakrangee Limited
511676,GIC Housing Finance Ltd
511766,Muthoot Capital Services Ltd
512070,UPL Limited
512179,Sunteck Realty Ltd
512237,Jai Corp Limited
512529,Sequent Scientific Limited
512573,Avanti Feeds ltd
512599,Adani Enterprises Ltd
513010,TATA STEEL LONG PRODUCTS LIMITED
513023,Nava Bharat Ventures Ltd
513228,Pennar Industries Ltd
513262,Steel Strips & Wheels Ltd
513269,Man Industries (India) Ltd
513349,Ajmera Realty & Infra India Limited
513375,Carborundum Universal Ltd
513377,MMTC Ltd
513434,Tata Metaliks Ltd
513599,Hindustan Copper Ltd
513605,Srikalahasthi Pipes Limited
513683,NLC India Limited
514043,Himatsingka Seide Ltd
514162,Welspun India Ltd
514167,Ganesha Ecosphere Limited
514183,Black Rose Industries Ltd
514394,Atlas Jewellery India Limited
514418,Mangalam Organics Limited
515030,Asahi India Glass Ltd
515043,Saint-Gobain Sekurit India Ltd
515055,Anant Raj Limited
516022,Star Paper Mills Ltd
516082,NRAgarwal Industries Ltd
517015,Vindhya Telelinks Ltd
517041,Ador Welding Ltd
517168,Subros Ltd
517174,Honeywell Automation India Ltd
517206,Lumax Industries Ltd
517271,HBL Power Systems Ltd
517300,Gujarat Industries Power Co Ltd
517334,Motherson Sumi Systems Ltd
517354,Havells India Limited
517380,Igarashi Motors India Ltd
517385,Symphony Limited
517421,Butterfly Gandhimathi Appliances Limited
517506,TTK Prestige Ltd
517569,KEI Industries Ltd
519091,Tasty Bite Eatables Ltd
519105,AVT Natural Products Ltd
519126,Hindustan Foods Ltd
519156,Vadilal Industries Ltd
519183,ADF Foods Limited
519260,SANWARIA CONSUMER LIMITED
519552,Heritage Foods Limited
519588,DFM Foods Ltd
519600,CCL Products (India) Ltd
520008,RICO Auto Industries Ltd
520043,Munjal Showa Ltd
520051,Jamna Auto Industries Ltd
520056,Sundaram Clayton Ltd
520057,JTEKT India Limited
520059,Munjal Auto Industries Ltd
520066,Jay Bharat Maruti Ltd
520111,Ratnamani Metals & Tubes Ltd
520113,Vesuvius India Ltd
521064,Trident Ltd
521070,Alok Industries Ltd
521248,Kitex Garmenets Ltd
522064,HONDA INDIA POWER PRODUCTS LIMITED
522074,Elgi Equipments Ltd
522113,Timken India Ltd
522205,Praj Industries Ltd
522215,HLE GLASCOAT LIMITED
522249,Mayur Uniquoters ltd
522263,JMC Projects (india) Ltd
522287,Kalpataru Power Transmission Ltd
522295,Control Print (India) Ltd
523025,Safari Industries (India) Ltd
523207,Kokuyo Camlin Ltd
523261,Venky's (India) ltd
523319,Balmer Lawrie & Co Ltd
523367,DCM Shriram Limited
523385,Nilkamal Limited
523395,3M India Ltd
523398,Johnson Controls-Hitachi Air Conditioning India Ltd
523405,JM Financial Limited
523445,Reliance Industrial Infrastructure
523457,Linde India Limited
523598,Shipping Corporation Of India Ltd
523610,ITI Limited (Indian TelephIndLtd)
523618,Dredging Corporation of India Ltd
523630,National Fertilizers Ltd
523642,PI Industries Limited
523660,Waterbase Limited
523694,Apcotex Industries Limited
523704,Mastek Limited
523716,Ashiana Housing Limited
523754,MAHINDRA EPC IRRIGATION LIMITED
523838,Simplex Infrastructures Limited
524019,Kingfa Science & Technology (India) Ltd
524051,Polyplex Corporation Ltd
524075,Albert David Ltd
524091,Acrysil Ltd
524164,IOL Chemicals & Pharmaceuticals Ltd
524200,Vinati Organics Ltd
524208,Aarti Industries Ltd
524226,Gujarat Ambuja Exports Ltd
524230,Rashtriya Chemicals & Fertilizers Limited
524348,Aarti Drugs Limited
524370,Bodal Chemicals Ltd
524394,Vimta Labs Ltd
524404,Marksans Pharma Ltd
524494,Ipca Laboratories Ltd
524558,Neuland Laboratories Limited
524598,AksharChem (India) Ltd
524669,Hester Biosciences Ltd
524715,Sun Pharmaceutical Industries Ltd
524735,Hikal Ltd
524742,Caplin Point Laboratories Ltd
524804,Aurobindo Pharma Ltd
524816,Natco Pharma Ltd
526299,Mphasis Limited
526371,NMDC Ltd
526397,Alphageo (India)Ltd
526521,Sanghi Industries Ltd
526596,Liberty Shoes Ltd
526612,Blue Dart Express Ltd
526622,MFL India Ltd
526642,Mirza International  Limited
526650,Tourism Finance Corpn Of India Ltd
526729,Goldiam International Ltd
526737,Corporate Courier and Cargo Ltd
526797,Greenply Industries Ltd
526817,Cheviot CoLtd
526829,Confidence Petroleum India Limited
526947,La Opala RG Ltd
530001,Gujarat Alkalis & Chemicals Ltd
530005,India Cements Ltd
530007,JK Tyre & Industries Ltd
530011,Mangalore Chemicals & Fertilisers L
530019,JUBILANT LIFE SCIENCES LIMITED
530075,Selan Exploration Technology Ltd
530117,Fairchem Speciality Limited
530239,Suven Life Sciences Ltd
530343,Genus Power Infrastructures Ltd
530367,NRB Bearings Ltd
530517,Relaxo Footwears Ltd
530549,Shilpa Medicare Ltd
530557,NCL Research And Financial Services
530759,Sterling Tools Ltd
530803,Bhageria Industries Limited
530813,KRBL Ltd
530843,Cupid Limited
530965,Indian Oil Corporation Ltd
530999,Balaji Amines Ltd
531120,Patel Engineering Ltd
531162,Emami Ltd
531209,Nucleus Software Exports Ltd
531213,Manappuram Finance Limited
531225,XTGLOBAL INFOTECH LIMITED
531266,VSTTillers Tractors Ltd
531335,Zydus Wellness Limited
531337,JUMP NETWORKS LIMITED
531344,Container Corporation Of India Ltd
531349,Panacea Biotec Ltd
531426,Tamil Nadu Newsprint And Papers Ltd
531500,Rajesh Exports Ltd
531508,Eveready Industries India Ltd
531518,VIKAS PROPPANT & GRANITE LTD
531531,Hatsun Agro Products Ltd
531548,Somany Ceramics Limited
531595,Capri Global Capital Limited
531599,FDC Ltd
531633,Lincoln Pharmaceuticals ltd
531637,PRAVEG COMMUNICATIONS (INDIA) LIMITED
531642,Marico Limited
531717,Vidhi Specialty Food Ingredients Limited
531737,Greencrest Financial Services Limited
531761,APOLLO PIPES LIMITED
531768,Poly Medicure Ltd
531795,Atul Auto Limited
531900,CCL International Ltd
531978,Ambika Cotton Mills Ltd
532129,Hexaware Technologies Ltd
532134,Bank Of Baroda
532144,Welspun Corp Limited
532149,Bank of India
532150,Indraprastha Medical Corporation Lt
532155,Gail (India) Ltd
532156,Vaibhav Global Ltd
532162,JK Paper Ltd
532163,Saregama India Ltd
532174,ICICI Bank Ltd
532175,Cyient Limited
532178,Engineers India Ltd
532180,Dhanlaxmi Bank Limited
532181,Gujarat Mineral Development Corpora
532183,Gayatri Sugars Ltd
532187,IndusInd Bank Ltd
532189,India Tourism Development Corporati
532209,Jammu and Kashmir Bank Ltd
532210,City Union Bank Ltd
532215,AXIS Bank Ltd
532218,South Indian Bank Ltd
532221,Sonata Software Ltd
532234,National Aluminium Co Ltd
532240,India Nippon Electricals Ltd
532259,Apar Industries Ltd
532268,ACCELYA SOLUTIONS INDIA LIMITED
532281,HCL Technologies Ltd
532285,Geojit Financial Services Limited
532286,Jindal Steel & Power Ltd
532296,Glenmark Pharmaceuticals ltd
532300,Wockhardt Ltd
532301,Tata Coffee Ltd
532309,GE Power India Limited
532313,Mahindra Lifespace Developers Ltd
532321,Cadila Healthcare Ltd
532331,Ajanta Pharma Ltd
532343,TVS Motor Company Ltd
532345,Gati Limited
532349,Transport Corporation of India Ltd
532356,Triveni Engineering & Industries Ltd
532366,PNB Gilts Ltd
532369,Ramco Industries Ltd
532370,Ramco Systems Ltd
532374,Sterlite Technologies Limited
532382,Balaji Telefilms Ltd
532388,Indian Overseas Bank
532390,Taj GVK Hotels & Resorts Ltd
532400,BIRLASOFT LIMITED
532424,Godrej Consumer Products Ltd
532430,BF Utilities Ltd
532432,United Spirits Limited
532443,Cera Sanitaryware Ltd
532454,Bharti Airtel  Ltd
532461,Punjab National Bank
532466,Oracle Financial Services Software Limited
532475,Aptech Ltd
532477,Union Bank of India
532478,United Breweries Ltd
532482,Granules India Ltd
532483,Canara Bank
532485,Balmer Lawrie Investments Ltd
532488,Divi's Laboratories Ltd
532493,Astra Microwave Products Ltd
532497,Radico Khaitan Ltd
532498,Shriram-City Union Finance Ltd
532500,Maruti Suzuki India  Ltd
532504,Navin Fluorine International Limited
532505,UCO Bank
532508,Jindal Stainless Limited
532509,Suprajit Engineering Ltd
532514,Indraprashtha Gas Ltd
532515,TVToday Network Limited
532522,PETRONET LNG LTD
532523,Biocon Ltd
532524,PTC India Ltd
532525,Bank of maharashtra
532527,ramkrishna forgings Ltd
532531,STRIDES PHARMA SCIENCE LIMITED
532532,Jaiprakash Associates Limited
532538,UltraTech Cement Ltd
532539,Minda Industries Ltd
532540,Tata Consultancy Services Ltd
532541,COFORGE LIMITED
532548,Century Plyboards (India) Ltd
532553,Welspun Enterprises Limited
532555,NTPC Limited
532605,JBM Auto Limited
532610,Dwarikesh Sugar Industries Ltd
532612,Indoco Remedies Ltd
532622,GATEWAY DISTRIPARKS LTD
532627,Jaiprakash Power Ventures Limited
532630,Gokaldas Exports Ltd
532636,IIFL FINANCE LIMITED 
532638,Shoppers Stop Ltd
532642,JSW Holdings Limited
532644,JK CEMENT LTD
532648,Yes Bank Ltd
532649,Nectar Lifesciences Limited
532652,Karnataka Bank Ltd
532659,IDFC LIMITED
532661,Rane (Madras)  Ltd
532663,Sasken Technologies Limited
532667,SUZLON ENERGY LTD
532683,AIA Engineering Ltd
532689,PVR Ltd
532699,Royal Orchid Hotels Ltd
532702,Gujarat State Petronet Ltd
532705,Jagran Prakashan Limited
532706,Inox Leisure Limited
532707,Dynemic Products Ltd
532710,Sadbhav Engineering Ltd
532712,Reliance Communications Limited
532714,KEC International Ltd (formerly known as KEC Infrastructures Ltd)
532720,Mahindra & Mahindra Financial Services Limited
532725,Solar Industries India Limited
532733,SUN TV NETWORK LIMITED
532734,GODAWARI POWER AND ISPAT LTD
532735,R Systems International Limited
532749,Allcargo Logistics Ltd
532754,GMR Infrastructure Limited
532755,Tech Mahindra Limited
532757,VOLTAMP TRANSFORMERS LIMITED
532762,Action Construction Equipments Ltd
532768,FIEM INDUSTRIES LIMITED
532772,DCB Bank Limited
532777,Info Edge(India) Ltd
532779,TORRENT POWER LIMITED
532783,LT Foods Limited
532784,Sobha Limited
532790,Tanla Solutions Ltd
532796,Lumax Auto Technologies Ltd
532798,Network 18 Media & Investments Limited
532800,TV18 Broadcast Ltd
532805,Redington (India) ltd
532809,Firstsource Solutions Ltd
532810,Power Finance Corporation Ltd
532814,Indian Bank
532815,SMS Pharmaceuticals Ltd
532819,MindTree  Limited
532822,VODAFONE IDEA LIMITED
532827,Page Industries Ltd
532830,Astral Poly Technik Ltd
532832,Indiabulls Real Estate Limited
532834,Camlin Fine Sciences Ltd
532835,ICRA Limited
532839,Dish TV India Limited
532843,Fortis Healthcare Ltd
532848,Delta Corp Limited
532851,Insecticides India Ltd
532856,Time Technoplast Limited
532859,Hinduja Global Solutions Limited
532864,Nelcast Limited
532865,Meghmani Organics Ltd
532868,DLF LIMITED
532872,Sun Pharma Advanced Research Company Ltd
532880,OMAXE LIMITED
532884,Refex Industries Limited
532885,Central Bank of India
532888,ASIAN GRANITO INDIA LIMITED
532889,KPR Mill Ltd
532891,Puravankara Limited
532892,Motilal Oswal Financial Services Limited
532898,POWER GRID CORPORATION OF INDIA LIMITED
532899,Kaveri Seed Company Ltd
532921,Adani Ports and Special Economic Zone Ltd
532922,Edelweiss Financial Services Ltd
532924,Kolte-Patil Developers Ltd
532926,JYOTHY LABS LIMITED
532927,eClerx Services Limited
532929,Brigade Enterprises Limited
532930,BGR ENERGY SYSTEMS LIMITED
532934,PPAP Automotive Limited
532939,Reliance Power Limited
532940,J Kumar Infraprojects Limited
532942,KNR Constructions Limited
532944,OnMobile Global Ltd
532947,IRB Infrastructure Developers Limited
532953,V-Guard Industries Ltd
532955,REC LIMITED
532960,Indiabulls Ventures Limited
532966,Titagarh Wagons Ltd
532967,KIRI INDUSTRIES LIMITED
532974,Aditya Birla  Money Ltd
532975,AISHWARYA TELECOM LIMITED
532977,Bajaj Auto Limited
532978,Bajaj Finserv Limited
532983,RPG Life Sciences Limited
532987,Rane Brake Lining Limited
533023,WABCO India Ltd
533033,ISGEC Heavy Engineering Limited
533047,Indian Metals & Ferro Alloys Limited
533080,Mold-Tek Packaging Limited
533088,Mahindra Holidays & Resorts India Limited
533096,Adani Power Limited
533098,NHPC Limited
533104,Globus Spirits Limited
533106,Oil India Limited
533122,RattanIndia Power Limited
533138,ASTEC LIFESCIENCES LIMITED
533146,D-Link (India) Ltd
533148,JSW Energy Limited
533150,Godrej Properties Limited
533151,DBCorp Limited
533155,Jubilant Foodworks Limited
533158,Thangamayil Jewellery Limited
533162,Hathway Cable & Datacom Limited
533179,Persistent Systems Limited
533192,K C P SUGAR AND INDUSTRIES CORPORATION LTD
533206,SJVN LIMITED
533229,BAJAJ CONSUMER CARE LIMITED
533230,HDFC Mutual Fund
533244,ICICI Prudential Mutual Fund
533248,Gujarat Pipavav Port Limited
533260,Career Point Limited
533267,CANTABIL RETAIL INDIA LIMITED
533269,VA Tech Wabag Limited
533271,Ashoka Buildcon Limited
533273,OBEROI REALTY LIMITED
533274,Prestige Estates Projects Limited
533278,Coal India Limited
533282,GRAVITA INDIA LIMITED
533286,MOIL Limited
533287,ZEE LEARN LIMITED
533293,Kirloskar Oil Engines Limited
533303,BF Investment Limited
533326,Texmaco Rail & Engineering Limited
533333,Fineotex Chemical Limited
533339,Zen Technologies Ltd
533344,PTC India Financial Services Limited
533385,Motilal Oswal Mutual Fund
533398,MUTHOOT FINANCE LIMITED
533400,Future Consumer Limited
533408,Aditya Birla Sun Life Mutual Fund
533519,L&T FINANCE HOLDINGS LIMITED
533552,RUPA & COMPANY LIMITED
533570,Axis Mutual Fund
533573,ALEMBIC PHARMACEUTICALS LIMITED
533719,IDBI Mutual Fund
533758,APL Apollo Tubes Limited
534076,Orient Refractories Ltd
534091,Multi Commodity Exchange of India Ltd
534139,SCHNEIDER ELECTRIC INFRASTRUCTURE LIMITED
534309,NBCC (India) Limited
534338,Maxheights Infrastructure Limited
534369,Tribhovandas Bhimji Zaveri Limited
534690,LAKSHMI VILAS BANK LTD
534758,Cigniti Technologies Ltd
534804,CARE Ratings Limited
534809,PC JEWELLER LIMITED
534816,Bharti Infratel Limited
534976,V-Mart Retail Limited
535276,SBI Mutual Fund
535322,Repco Home Finance Limited
535648,Just Dial Limited
535754,ORIENT CEMENT LIMITED
535755,Aditya Birla Fashion and Retail Limited
535789,INDIABULLS HOUSING FINANCE LIMITED
536659,PVV Infra Limited
536960,Motilal Oswal Mutual Fund
537007,ICICI Prudential Mutual Fund
537708,Kotak Mahindra Mutual Fund
538057,Goldman Sachs Mutual Fund
538268,Wonderla Holidays Limited
538557,Sai Baba Investment & Commercial Enterprises Limited
538566,APOLLO TRICOAT TUBES LIMITED
538567,Gulf Oil Lubricants India Limited
538635,SNOWMAN LOGISTICS LIMITED
538787,Goenka Business & Finance Limited
538836,Monte Carlo Fashions Limited
538962,Minda Corporation Limited
539083,Inox Wind Limited
539118,VRL Logistics Limited
539141,UFO Moviez India Limited
539150,PNC Infratech Limited
539219,MAURIA UDYOG LIMITED
539225,Jiya Eco-Products Limited
539254,Adani Transmission Limited
539268,Syngene International Limited
539289,MAJESCO LIMITED
539301,Arvind SmartSpaces Limited
539302,Power Mech Projects Limited
539313,UTI Mutual Fund
539332,Navkar Corporation Limited
539336,Gujarat Gas Limited
539351,Prabhat Dairy Limited
539437,IDFC FIRST BANK LIMITED
539448,InterGlobe Aviation Limited
539450,S H Kelkar and Company Limited
539516,HDFC Mutual Fund
539517,HDFC Mutual Fund
539523,Alkem Laboratories Limited
539524,Dr Lal Pathlabs Limited
539528,Aayush Food And Herbs Limited
539542,LUX Industries Limited
539551,Narayana Hrudayalaya Limited
539594,Mishtann Foods Limited
539597,Jindal Stainless (Hisar) Limited
539658,TeamLease Services Limited
539678,Quick Heal Technologies Limited
539770,Darjeeling Ropeway Company Limited
539787,HealthCare Global Enterprises Limited
539807,INFIBEAM AVENUES LIMITED
539844,Equitas Holdings Limited
539871,Thyrocare Technologies Limited
539874,Ujjivan Financial Services Limited
539876,Crompton Greaves Consumer Electricals Limited
539889,Parag Milk Foods Limited
539940,Max Ventures and Industries Limited
539957,Mahanagar Gas Limited
539978,Quess Corp Limited
539980,ICICI Prudential Mutual Fund
540005,Larsen & Toubro Infotech Limited
540025,Advanced Enzyme Technologies Limited
540027,PRABHAT TECHNOLOGIES (INDIA) LIMITED
540047,Dilip Buildcon Limited
540064,Future Retail Ltd
540065,RBL Bank Limited
540073,BLS International Services Ltd
540115,L&T Technology Services Limited
540124,G N A Axles Limited
540133,ICICI Prudential Life Insurance Company Limited
540153,Endurance Technologies Limited
540173,PNB Housing Finance Limited
540180,Varun Beverages Limited
540203,Sheela Foam Limited
540212,TCI Express Limited
540222,Laurus Labs Limited
540293,Pricol Limited
540366,Music Broadcast Limited
540376,Avenue Supermarts Limited
540526,IRB InvIT Fund
540530,Housing &Urban Development Corporation Ltd
540544,PSP Projects Limited
540565,India Grid Trust
540575,Star Cement Limited
540596,Eris Lifesciences Limited
540602,GTPL Hathway Limited
540611,AU Small Finance Bank Limited
540615,7NR Retail Limited
540649,AVADH SUGAR & ENERGY LIMITED
540673,Security and Intelligence Services (India) Limited
540678,Cochin Shipyard Limited
540691,Aditya Birla Capital Ltd
540692,Apex Frozen Foods Limited
540697,A & M Febcon Limited
540699,Dixon Technologies (India) Limited
540701,Dishman Carbogen Amcis Limited
540710,Capacit'e Infraprojects Limited
540716,ICICI Lombard General Insurance Company Limited 
540719,SBI Life Insurance Company Limited
540724,Prataap Snacks Limited
540743,Godrej Agrovet Limited
540749,MAS Financial Services Limited
540750,Indian Energy Exchange Limited
540755,General Insurance Corporation of India
540762,Tube Investments of India Ltd
540767,NIPPON LIFE INDIA ASSET MANAGEMENT LIMITED
540768,Mahindra Logistics Limited
540769,The New India Assurance Company Limited
540775,Khadim India Limited
540776,5paisa Capital Limited
540777,HDFC LIFE INSURANCE COMPANY LIMITED
540787,ICICI Prudential Mutual Fund
540797,Shalby Limited
540879,Apollo Micro Systems Limited
540900,Newgen Software Technologies Limited
540902,Amber Enterprises India Limited
540935,Galaxy Surfactants Limited
540975,Aster DM Healthcare Limited
541019,HG Infra Engineering Limited
541097,DSP BlackRock Mutual Fund
541143,Bharat Dynamics Limited
541153,Bandhan Bank Limited
541154,Hindustan Aeronautics Limited
541179,ICICI Securities Limited
541195,Mishra Dhatu Nigam Limited
541233,Lemon Tree Hotels Limited
541301,Orient Electric Limited
541313,ICICI Prudential Mutual Fund
541336,IndoStar Capital Finance Limited
541403,Dollar Industries Limited
541450,Adani Green Energy Limited
541540,SOLARA ACTIVE PHARMA SCIENCES LIMITED
541556,RITES Limited
541557,Fine Organic Industries Limited
541578,Varroc Engineering Limited
541700,TCNS Clothing Co Limited
541729,HDFC Asset Management Company Limited
541770,CreditAccess Grameen Ltd
541946,ICICI Prudential Mutual Fund
541956,IRCON International Ltd
541988,AAVAS Financiers Limited
542011,Garden Reach Shipbuilders & Engineers Limited
542066,Adani Gas Limited
542131,Mirae Asset Mutual Fund
542216,DALMIA BHARAT LIMITED
542337,Spencer's Retail Limited
542399,Chalet Hotels Limited
542460,The Anup Engineering Ltd
542484,Arvind Fashions Limited
542597,MSTC Limited
542602,Embassy Office Parks REIT
542649,Rail Vikas Nigam Limited
542650,Metropolis Healthcare Limited
542651,KPIT Technologies Ltd
542652,Polycab India Limited
542725,SBC EXPORTS LIMITED
542726,IndiaMART InterMESH Limited
542730,ICICI Prudential Mutual Fund
542752,Affle (India) Limited
542759,Spandana Sphoorty Financial Limited
542760,Sterling and Wilson Solar Limited
542772,IIFL Wealth Management Limited
542773,IIFL Securities Limited
542812,Gujarat Fluorochemicals Limited
542830,Indian Railway Catering and Tourism Corporation Limited
542867,CSB Bank Limited
542904,Ujjivan Small Finance Bank Limited
542907,Prince Pipes and Fittings Limited
542908,Edelweiss Mutual Fund
542909,Edelweiss Mutual Fund
542920,SUMITOMO CHEMICAL INDIA LIMITED
542922,Mirae Asset Mutual Fund
542932,Birla Tyres Limited
543064,SUVEN PHARMACEUTICALS LIMITED
543066,SBI CARDS AND PAYMENT SERVICES LIMITED
543187,ABB Power Products and Systems India Limited
543210,Aarti Surfactants Limited
543212,Borosil Limited
543213,ROSSARI BIOTECH LIMITED
543215,Edelweiss Mutual Fund
543216,Edelweiss Mutual Fund
543217,Mindspace Business Parks REIT
555555,ICICI Prudential Mutual Fund
570001,Tata Motors Ltd
590003,Karur Vysya Bank Ltd
590005,Tide Water Oil (India) Ltd
590006,Amrutanjan Health Care Limited
590021,Bharat Rasayan Limited
590024,Fertilizers and Chemicals Travancore Limited
590043,HARITA SEATING SYSTEMS LTD
590062,The Andhra Sugars Ltd
590066,KCP LTD
590071,SUNDARAM FINANCE LTD
590073,WHEELS INDIA LTD
590078,Maithan Alloys Limited
590086,Orissa Minerals Development Company Limited
590095,Reliance Mutual Fund-Permitted
590096,Reliance Mutual Fund-Permitted
590097,Kotak Mahindra Mutual Fund - Permitted
590098,SBI Mutual Fund-Permitted
590099,Quantum Mutual Fund
590101,UTI Mutual Fund - Permiited
590103,Reliance Mutual Fund-Permitted
590104,Reliance Mutual Fund-Permitted
590106,Reliance Mutual Fund-Permitted
590108,Reliance Mutual Fund-Permitted
890147,Reliance Industries Ltd
500009,Ambalal Sarabhai Enterprise Ltd
500012,Andhra Petrochemicals Ltd
500013,Ansal Properties & Infrastructure Ltd
500014,UTIQUE ENTERPRISES LIMITED
500023,Asian Hotels (North) Limited
500028,ATV Projects India Ltd
500029,Autolite (India) Ltd
500041,Bannari Amman Sugars Ltd
500058,Bihar Sponge Iron Ltd
500068,Disa India Ltd
500069,BNK Capital Markets Ltd
500074,BPL Ltd
500078,ORIENTAL AROMATICS LIMITED
500083,Century Extrusions Ltd
500089,DIC India Ltd
500102,Ballarpur Industries Ltd
500136,Ester Industries Ltd
500147,JOHN COCKERILL INDIA LIMITED
500151,Golden Tobacco Ltd
500153,Ganesh Benzoplast Ltd
500155,Garden Silk Mills Ltd
500159,Metroglobal Limited
500166,Goodricke Group Ltd
500170,GTN Industries Limited
500173,GFL LIMITED
500174,Gujarat Lease Financing Limited
500179,HCL Infosystems Ltd
500189,NXTDIGITAL LIMITED 
500191,HMT Limited
500192,Prag Bosimi Synthetics Ltd
500193,HLV LIMITED
500199,IG Petrochemicals Ltd
500207,Indo Rama Synthetics (India) Ltd
500211,Insilco Ltd
500213,International Travel House Ltd
500220,Jasch Industries Ltd
500223,JCT Ltd
500231,Umang Dairies Limited
500234,Kakatiya Cement Sugar & Industries Ltd
500239,KGDenim Ltd
500240,Kinetic Engineering Ltd
500243,Kirloskar Industries Ltd
500245,Kirloskar Ferrous Industries Ltd
500259,Lyka Labs Ltd
500264,Mafatlal Industries Ltd
500267,Majestic Auto Ltd
500279,Mirc Electronics Ltd
500284,Lords Chloro Alkali Ltd
500296,Nahar Spinning Mills Ltd
500306,Jaykay Enterprises Limited
500307,Nirlon Limited
500313,Oil Country Tubular Ltd
500314,Oriental Hotels Ltd
500317,Oswal Agro Mills Ltd
500319,Indian Sucrose Ltd
500327,Pil Italica Lifestyle Limited
500329,Pentamedia Graphics Ltd
500333,Pix Transmissions Ltd
500337,Prime Securities Ltd
500343,AMJ LAND HOLDINGS LIMITED
500346,Punjab Communications Limited
500350,RSWM Limited
500354,Rajshree Sugars & Chemicals Ltd
500356,Shree Rama Newsprint Limited
500360,Rapicut Carbides Ltd
500365,WELSPUN SPECIALTY SOLUTIONS LIMITED
500366,Rolta India Ltd
500367,Rubfila International Ltd
500399,Steelco Gujarat Ltd
500402,SPML Infra Limited
500413,Thomas Cook (India) Ltd
500414,Timex Group India Ltd
500418,Tokyo Plast International Ltd
500426,UTL Industries Limited
500429,Uniphos Enterprises Limited
500439,Vardhman Holdings Limited
500449,Hindustan Organic Chemicals Ltd
500456,Pasupati Acrylon Ltd
500460,Mukand Ltd
500463,AGC Networks Limited
500500,Hindustan Motors Ltd
500655,Garware Polyesters Ltd
500780,Zuari Global Limited
500890,Modi Rubber Ltd
501150,Centrum Capital Limited
501242,TCI Finance Limited
501295,Industrial Investment Trust Ltd
501298,Industrial & Prudential Inv Co Lt
501343,Motor & General Finance (MGF) Lt
501370,Walchand Peoplefirst Limited
501391,WH Brady & Co Ltd
501423,Shaily Engineering Plastics Ltd
501430,Bombay Cycle & Motor Agency Ltd
501700,India Nivesh Limited
501831,Coastal Corporation Limited
501848,Global Offshore Services Ltd
502015,ASI INDUSTRIES LIMITED
502175,Saurashtra Cement Limited
502219,BOROSIL RENEWABLES LIMITED
502281,Triveni Glass Ltd
502330,ANDHRA PAPER LIMITED
502448,Rollatainters Ltd
502587,NATH INDUSTRIES LIMITED
502820,DCM Ltd
502865,Forbes & Company Ltd
502873,HP Cotton Textile Mills Ltd
502958,Lakshmi Mills Company ltd
503031,Peninsula Land Limited
503101,Marathon Nextgen Realty Ltd
503162,Reliance Chemotex Industries Ltd
503169,Ruby Mills Ltd
503349,Victoria Mills Ltd
503657,Veer Energy & Infrastructure Limited
503722,Banswara Syntex Ltd
503804,Shri Dinesh Mills Ltd
504000,Elpro International Ltd
504008,EMCO Ltd
504028,GEE Ltd
504036,Hind Rectifiers Ltd
504058,Indo National Limited
504093,Panasonic Energy India Co Ltd
504132,Permanent Magnets Ltd
504176,High Energy Batteries (India) Ltd
504180,Standard Batteries Ltd
504212,Universal Cables Ltd
504220,WS Industries (India) Ltd
504240,Delton Cables Ltd
504258,Lakshmi Electrical Control Systems
504273,MODULEX CONSTRUCTION TECHNOLOGIES LIMITED
504286,DELTA MANUFACTURING LIMITED 
504335,PAZEL INTERNATIONAL LIMITED
504341,RAVINDRA ENERGY LIMITED
504378,Nyssa Corporation Limited
504605,Uni-Abex Alloy Products Ltd
504786,Investment & Precision Castings Ltd
504879,Orient Abrasives Ltd
504908,Duncan Engineering Limited
504959,Stovec Industries Ltd
504961,Tayo Rolls Ltd
505029,Atlas Cycles (Haryana) Ltd
505036,Automobile Corpn of Goa Ltd
505075,Setco Automotive Limited
505141,Scooters India Ltd
505160,Talbros Automotive Components Ltd
505163,ZF Steering Gear (India) Limited
505196,TIL Ltd
505216,Alfred Herbert (India) Ltd
505230,Cimmco Ltd
505232,Veljan Denison Limited
505242,Dynamatic Technologies Ltd
505283,Kirloskar Pneumatic CoLtd
505299,KPT INDUSTRIES LIMITED
505324,Manugraph India Ltd
505358,Integra Engineering India Ltd
505368,Revathi Equipment Ltd
505400,Texmaco Infrastructure & Holdings Ltd
505412,Wendt (India) Ltd
505509,Responsive Industries Ltd
505590,SVP Global Ventures Limited
505681,Bimetal Bearings Ltd
505688,Bharat Gears Ltd
505700,Elecon Engineering CoLtd
505712,HIM TEKNOFORGE LIMITED
505729,Singer India Limited
505737,International Combustion (India) Lt
505744,Federal-Mogul Goetze (India) Ltd
505750,Josts Engineering Co Ltd
505827,SNL Bearings Ltd
505840,Jaipan Industries Ltd
505850,Mangal Credit and Fincorp Limited
505854,TRF Ltd
505978,Triton Valves Ltd
506074,Arshiya Limited
506105,Stanrose Mafatlal Investments & Fin
506109,Genesys International Corporation Ltd
506122,Pankaj Piyush Trade & Inv Ltd
506128,Parnax Lab Limited
506146,Visagar Polytex Ltd
506184,Kanani Industries Ltd
506186,GALAXY CLOUD KITCHENS LIMITED
506194,Arihant Superstructures Limited
506248,Amines & Plasticizers Ltd
506260,Anuh Pharma Ltd
506261,Modison Metals Ltd
506405,Dharamsi Morarji Chemical Co Ltd
506480,GOCL Corporation Limited
506520,Jayshree Chemicals Ltd
506522,JL Morison (India) Ltd
506525,Kanoria Chemicals & Industries Ltd
506528,Keltech Energies Ltd
506532,Nitta Gelatin India Ltd
506597,Amal Ltd
506605,Polychem Ltd
506618,Punjab Chemicals and Crop Protection Ltd
506642,Sadhana Nitrochem Ltd
506685,Ultramarine & Pigments Ltd
506734,Mysore Petro Chemicals Ltd
506808,Tuticorin Alkali Chemicals & Fertil
506852,Punjab Alkalies & Chemicals Ltd
506854,TANFAC Industries Ltd
506910,Jaysynth Dyestuff (India) Ltd
506919,Makers Laboratories Ltd
506981,Blue Chip Tex Industries Ltd
507155,Jagatjit Industries Ltd
507180,Kesar Enterprises Ltd
507205,Tilaknagar Industries Ltd
507300,Ravalgaon Sugar Farm Ltd
507315,Sakthi Sugars Ltd
507435,Khoday India Ltd
507438,IFB Agro Industries Ltd
507474,Kothari Fermanatation & Biochem Ltd
507490,Rana Sugars Ltd
507498,Piccadily Sugar  & Allied Ltd
507514,Som Distilleries & Breweries Ltd
507525,Amrit Corp Limited
507552,Foods & Inns Ltd
507580,IVP Ltd
507598,KOVILPATTI LAKSHMI ROLLER FLOUR MILLS  LTD
507621,Milkfood Ltd
507645,Polson Ltd
507690,Orient Beverages Ltd
507747,TTK Healthcare Ltd
507753,TGV SRAAC LIMITED
507779,Kanpur Plastipack Limited
507785,Tainwala Chemicals & Plastics Ltd
507789,Jagsonpal Pharmaceuticals Limited
507794,Khaitan Chemicals & Fertilizers Ltd
507828,ANSAL HOUSING LIMITED
507836,Mac Charles (India) Ltd
507864,Pioneer Investcorp Ltd
507910,FIBERWEB (INDIA) LTD
507912,LKP Finance Limited
507944,Bajaj Steel Industries Ltd
507960,Gujarat Hotels Ltd
507981,Jindal Hotels Ltd
507998,Simmonds-Marshall Ltd
508136,B & A Ltd
508494,Warren Tea Ltd
508807,IST Limited
508922,MSR India Limited
508933,AYM Syntex Limited
508941,Panasonic Carbon India CoLtd
509009,AuSom Enterprise Limited
509020,Ruchi Infrastructure Ltd
509048,Lancor Holdings Ltd
509051,Indian Infotech And Software Ltd
509077,Pressman Advertising Limited
509152,GRP Limited
509162,Indag Rubber Ltd
509220,PTL Enterprises Ltd
509438,Benares Hotels Ltd
509470,BOMBAY OXYGEN INVESTMENTS LIMITED
509486,Caprihans India Ltd
509525,Empire Industries Ltd
509567,Goa Carbon Ltd
509635,Hindustan Composites Ltd
509692,Indian Card Clothing Ltd
509709,International Conveyors Ltd
510245,Swasti Vinayaka Synthetics Ltd
511012,Yamini Investments Company Limited
511034,Jindal Drilling & Industries Ltd
511066,Sakthi Finance Ltd
511076,Sat Industries Ltd
511108,Shiva Texyarn Ltd
511116,Quadrant Televentures Limited
511147,Wall Street Finance Ltd
511208,IL & FS Investment Managers Ltd
511333,VLS Finance Limited
511389,Videocon Industries Ltd
511413,CREST VENTURES LIMITED
511463,Alexander Stamps And Coin Limited
511473,Indbank Merchant Banking Services L
511501,Bharat Bhushan Share & Commodity Brokers Ltd
511505,Capital Trust Ltd
511509,Vivo Bio tech Ltd
511525,Pan India Corporation Ltd
511533,Sahara HousingFina Corporation Ltd
511551,Monarch Networth Capital Limited
511557,Pro Fin Capital Services Ltd
511559,Times Guaranty Ltd
511589,Avonmore Capital & Management Services Limited
511605,Arihant Capital Markets Ltd
511628,IM+ Capitals Limited
511630,Sambhaav Media Ltd
511658,Nettlinx Ltd
511672,Scan Steels Limited
511716,Escorts Finance Ltd
511726,Vipul Limited
511736,Ushdev International Ltd
511742,UGRO CAPITAL LIMITED
511754,Shalibhadra Finance Ltd
511768,Master Trust Ltd
512068,Deccan Gold Mines Ltd
512093,Cranes Software International Ltd
512131,Signet Industries Limited
512165,ABans Enterprises Limited
512175,Vama Industries Limited
512217,Prism Medico and Pharmacy Ltd
512247,Ashirwad Capital Ltd
512257,Swasti Vinayaka Art And Heritage Corporation Ltd
512267,Media Matrix Worldwide Ltd
512289,Shirpur Gold Refinery Ltd
512296,Bhagyanagar India Limited
512437,Apollo Finvest (India) Ltd
512453,Shri Jagdamba Polymers Ltd
512455,Lloyds Metals and Energy Limited
512519,Donear Industries Ltd
512527,Super Sales India Ltd
512531,State Trading Corporation of India
512553,Zenith Exports Ltd
512559,Kohinoor Foods Ltd
512587,Zodiac-JRD-MKJ Ltd
512608,Bhandari Hosiery Exports Ltd
512626,Orbit Exports Ltd
512634,Savera Industries Ltd
513059,GS Auto International Ltd
513097,Shivalik Bimetal Controls Ltd
513108,Gandhi Special Tubes Ltd
513121,Oricon Enterprises Ltd
513142,BALASORE ALLOYS LTD
513151,STI India Ltd
513179,National Steel & Agro Industries Ltd
513216,Uttam Galva Steels Ltd
513252,Jay Ushin Ltd
513335,Metalyst Forgings Limited
513353,Cochin Minerals & Rutile Ltd
513361,India Steel Works Ltd
513436,Shah Alloys Limited
513446,MONNET ISPAT & ENERGY LIMITED
513509,Kalyani Forge Ltd
513517,Steelcast Ltd
513519,PITTI ENGINEERING LIMITED
513532,Pradeep Metals Ltd
513554,Mahamaya Steel Industries Limited
513566,Nova Iron & Steel Ltd
513691,JMT Auto Ltd
513693,KIC Metaliks Ltd
513709,Shilp Gravures Ltd
513713,White Organic Agro Limited
513729,Aro Granite Industries Ltd
514030,Deepak Spinners Ltd
514034,JBF Industries Ltd
514036,Loyal Textiles Mills Ltd
514045,BSL Ltd
514087,PBM Polytex Ltd
514142,T T Ltd
514165,Indian Acrylics Ltd
514175,Vardhman Polytex Ltd
514211,Sumeet Industries Ltd
514215,Binny Ltd
514234,Sangam (India) Ltd
514266,Zenith Fibres Limited
514274,Aarvee Denims & Exports Ltd
514286,Ashima Ltd
514300,Pioneer Embroideries Ltd
514302,Vippy Spinpro Ltd
514326,Patspin India Ltd
514354,Premier Polyfilm Ltd
514428,Hindustan Adhesives Ltd
514448,Jyoti Resins & Adhesives Ltd
514450,Mahalaxmi Rubtech Ltd
514470,Winsome Textile Industries Ltd
515037,Murudeshwar Ceramics Ltd
515085,Restile Ceramics Ltd
515093,Madhav Marbles & Granites Ltd
515145,Hindusthan National Glass & Industr
515147,Haldyn Glass Limited
516003,DUROPLY INDUSTRIES LIMITED
516007,Mangalam Timber Products Ltd
516016,Shreyans Industries Limited
516030,YASH PAKKA LIMITED
516064,Arrow Greentech Limited
516072,Vishnu Chemicals Limited
516092,3P LAND HOLDINGS LTD
516108,South India Paper Mills Ltd
517035,Ruttonsha International Rectifier L
517059,Salzer Electronics Ltd
517063,Jetking Infotrain Ltd
517146,Usha Martin Ltd
517166,SPEL Semiconductor Ltd
517214,DIGISPICE TECHNOLOGIES LIMITED
517236,Calcom Vision Ltd
517330,CMI Limited
517344,Mindteck (India) Ltd
517372,Gujarat Intrux Limited
517417,Patels Airtemp (I) Ltd
517447,R S Software India Ltd
517449,Magna Electro Castings Ltd
517477,Elnet Technologies Ltd
517494,ACCEL LIMITED
517498,Websol Energy System Limited
517500,Roto Pumps Ltd
517514,D & H India Limited
517522,Rajratan Global Wire Ltd
517530,Surana Telecom And Power Limited
517536,Onward Technologies Ltd
517544,Centum Electronics Ltd
517548,Starlite Components Ltd
517554,NHC FOODS LIMITED
517562,Trigyn Technologies Ltd
517571,IMP Power Ltd
518011,Keerthi Industries Ltd
518029,Gujarat Sidhee Cement Limited
518091,Anjani Portland Cement Ltd
519003,Modi Naturals Limited
519136,Nahar Industrial Enterprises Ltd
519216,Ajanta Soya Limited
519224,William Magor & Company Limited
519248,JVL Agro Industries Limited
519285,Tarai Foods Ltd
519287,Modern Dairies Ltd
519295,Bambino Agro Industries Ltd
519307,Vikas WSP Ltd
519359,Poona Dal And Oil Industries Ltd
519383,Anik Industries Limited
519421,KSE Ltd
519457,Virat Crane Industries Ltd
519475,Chordia Food Products Ltd
519491,Ocean Agro (India) Limited
519494,NKIndustries Ltd
519566,Simran Farms Ltd
519602,Kellton Tech Solutions Ltd
520021,Omax Autos Ltd
520073,RACL Geartech Limited
520075,Samkrg Pistons and Rings Ltd
520086,Sical Logistics Limited
520119,Automotive Stampings and Assemblies Ltd
520123,ABC India Ltd
520127,Balurghat Technologies Ltd
520151,Shreyas Shipping And Logistics Limited
521016,Indo Count Industries Ltd
521018,Maral Overseas Ltd
521034,Soma Textile & Industries Ltd
521082,Spentex Industries Ltd
521097,Amarjothi Spinning Mills Ltd
521109,Nagreeka Exports Ltd
521113,Suditi Industries Ltd
521141,Aditya Spinners Ltd
521163,Zodiac Clothing Co Ltd
521180,Super Spinning Mills Ltd
521194,SIL Investments Ltd
521200,Suryalakshmi Cotton Mills Ltd
521220,Damodar Industries Limited
522004,Batliboi Ltd
522005,Austin Engineering Co Ltd
522014,United Drilling Tools Ltd
522017,Fluidomat Ltd
522029,Windsor Machines Limited
522034,Shanthi Gears Ltd
522073,The Hi-Tech Gears Limited
522101,Kilburn Engineering Ltd
522105,Birla Precision Technologies Ltd
522108,Yuken India Ltd
522122,Voith Paper Fabrics India Ltd
522134,Artson Engineering Ltd
522152,Solitaire Machine Tools Ltd
522163,Diamond Power Infrastructure Limited
522165,Indsil Hydro Power and Manganese Limited
522183,ITL Industries Ltd
522195,Frontier Springs Ltd
522207,Rasandik Engg Industries India Ltd
522217,Gujarat Apollo Industries Ltd
522229,Taneja Aerospace & Aviation Ltd
522231,Conart Engineers Ltd
522241,MMForgings Ltd
522251,Cenlub Industries Ltd
522257,Rajoo Engineers Ltd
522275,GE T&D India Limited
522281,Ram Ratna Wires Ltd
522285,Jayaswal Neco Industries Ltd
522292,Chandni Textiles Engineering Ind Ltd
522294,T & I Global Ltd
523007,Ansal Buildwell Ltd
523011,Weizmann Limited
523019,BNRathi Securities Ltd
523021,Rishi Techtex Limited
523023,Sinclairs Hotels  Ltd
523127,EIH Associated Hotels Ltd
523144,Medi-Caps Ltd
523160,Morganite Crucible (India) Limited
523204,Aban  Offshore Ltd
523229,Bharat Seats Ltd
523248,Machino Plastics Ltd
523260,Pearl Polymers Ltd
523269,Advani Hotels & Resorts (India) Ltd
523277,GV Films  Ltd
523283,Superhouse limited
523301,TCPL Packaging Limited
523323,Kovai Medical Center & Hospital Ltd
523329,Eldeco Housing & Ind Ltd
523369,DCM Shriram Industries Ltd
523371,Mawana Sugars Ltd
523384,Maha Rashtra Apex Corporation Ltd
523391,Nahar Polyfilms Ltd
523411,ADC India Communications Limited
523449,Sharp India Ltd
523465,Ind Bank Housing Ltd
523475,Lotus Chocolate Co Ltd
523483,Pacific Industries ltd
523489,Chennai Meenakshi Multispeciality Hospital Ltd
523537,APM Industries Ltd
523539,Precision Wires India ltd
523550,Krypton Industries Ltd
523574,Future Enterprises Limited
523586,Indian Toners & Developers Ltd
523606,Sika Interplant Systems Ltd
523628,Poddar Housing and Development Limited
523638,IP Rings Ltd
523648,Plastiblends India Ltd
523672,Flex Foods Ltd
523696,Fortis Malar Hospitals Limited
523708,EIMCO Elecon India Ltd
523710,Sayaji Hotel Ltd
523736,Dhunseri Ventures Limited
523756,SREI Infrastructure Finance limited
523782,Mitshi India Limited
523792,Mazda Ltd
523796,Viceroy Hotels Ltd
523828,Menon Bearings Ltd
523836,Gujarat Raffia Ind Ltd
523840,Innovative Tech Pack Ltd
523842,Super Tannery Limited
523850,Axtel Industries Ltd
524000,Magma Fincorp  Limited
524013,Hindustan Flurocarbons Ltd
524037,Rama Phosphates Ltd
524109,Kabra Extrusion Technik Ltd
524129,Vinyl Chemicals (India) Ltd
524136,Pee Cee Cosma Sope Ltd
524174,Kesar Petroproducts Ltd
524202,Lactose (India) Ltd
524212,Wanbury Limited
524218,Resonance Specialties Limited
524280,Kopran Ltd
524288,Aimco Pesticides Ltd
524324,Seya Industries Ltd
524330,Jayant Agro-Organics Limited
524332,BCL INDUSTRIES LIMITED
524336,Shree Hari Chemicals Export Ltd
524342,Indo Borax & Chemicals Ltd
524396,Biofil Chemicals & Pharmaceuticals
524412,Aarey Drugs & Pharmaceuticals Ltd
524440,Camex  Ltd
524444,Kavit Industries Limited
524470,Syncom Formulations (India) Ltd
524480,Riddhi Siddhi Gluco Biols Ltd
524488,SVC INDUSTRIES LIMITED
524500,Kilitch Drugs (I) Ltd
524506,Coral Laboratories Ltd
524518,Krebs Biochemicals & Industries Ltd
524520,KMC Speciality Hospitals India Limited
524542,Sukhjit Starch & Chemicals Ltd
524570,Poddar Pigments Ltd
524576,Vivid Global Industries Limited
524582,Tirupati Starch & Chemicals Ltd
524594,Ashok Alco-Chem Ltd
524606,Beryl Drugs Ltd
524634,Alufluoride  Ltd
524648,Indo Amines Ltd
524652,Ind-Swift Ltd
524654,Natural Capsules Ltd
524663,Bharat Immunologicals & Biologicals
524667,Savita Oil Technologies Limited
524675,Kabsons Industries Ltd
524687,Basant Agro-Tech (India) Ltd
524703,Sandu Pharmaceuticals Ltd
524709,NACL Industries Limited
524711,Vista Pharmaceuticals Ltd
524717,Titan Bio-Tech Ltd
524731,Jenburkt Pharmaceuticals Ltd
524758,Wintac Ltd
524764,Nutraplus India Limited
524774,NGL Fine Chem Ltd
524790,Everest Organics Ltd
524818,Dynamic Industries Ltd
524820,Panama Petrochem Ltd
524824,Bal Pharma Ltd
524828,BDH Industries Ltd
526027,Cubex Tubings Ltd
526043,Polymechplast Machines Ltd
526117,Shervani Industrial syndicate Ltd
526137,Shetron Ltd
526139,Transgene Biotek Ltd
526143,MPL Plastics Limited
526159,Nikhil Adhesives Ltd
526169,Multibase India Ltd
526173,Andrew Yule & Company Ltd
526179,Ludlow Jute & Specialities Ltd
526217,Hitech Corporation Limited
526227,Filatex India Ltd
526235,Mercator Limited
526247,Premier Explosives Ltd
526263,Mold-Tek Technologies Ltd
526315,Divyashakti Granites Ltd
526325,Orient Press ltd
526367,Ganesh Housing Corporation Ltd
526381,Patel Integrated Logistics Ltd
526409,Kkalpana Industries (India) Ltd
526415,OK Play India Ltd
526423,Kriti Industries (India) Ltd
526433,ASM Technologies Ltd
526441,Vision Cinemas Limited
526471,Winsome Breweries Ltd
526481,Phoenix International Ltd
526492,Rishiroop Limited
526504,Dolphin Medical Services Ltd
526519,Alpine Housing Development Corporat
526538,Maximaa Systems ltd
526544,Scanpoint Geomatics Limited
526550,Country Club Hospitality & Holidays Ltd
526582,TPL Plastech Limited
526586,Wim Plast Ltd
526608,Electrotherm (India) Ltd
526614,Expo Gas Containers Ltd
526616,National Plastic Industries Ltd
526640,Royale Manor Hotels & Industries Lt
526666,Bhartiya International Ltd
526668,Kamat Hotels (India) ltd
526703,Ecoplast Ltd
526707,Alchemist Limited
526721,Nicco Parks And Resorts Ltd
526723,NTC INDUSTRIES LIMITED
526725,Sandesh Ltd
526727,Garnet Construction Ltd
526731,Bright Brothers Ltd
526739,Narmada Gelatines Ltd
526747,PGFoils Ltd
526775,Valiant Communications Ltd
526783,DrAgarwals Eye Hospital Ltd
526807,Seamec Ltd
526821,Dai-Ichi Karkaria Ltd
526849,Banaras Beads Ltd
526853,Bilcare Ltd
526881,63 Moons Technologies Limited
526885,Sarla Performance Fibers Ltd
526899,HIMALAYA FOOD INTERNATIONAL LIMITED
526921,Twentyfirst Century Management Serv
526931,Hariyana Ship Breakers Ltd
526951,Stylam Industries Limited
526953,Venus Remedies Ltd
526957,UNIPLY DECOR LIMITED
526981,SHRI BAJRANG ALLIANCE LIMITED
526987,Urja Global Limited
527001,Ashapura Minechem Ltd
530017,Standard Industries Ltd
530023,THE INVESTMENT TRUST OF INDIA LIMITED
530043,Acknit Industries Ltd
530045,Titan Securities Ltd
530047,Mohota Industries Limited
530067,CSL Finance Limited
530073,Sanghvi Movers Ltd
530077,Freshtrop Fruits Ltd
530079,Faze Three Ltd
530109,ANUPAM FINSERV LIMITED
530125,Samrat Pharmachem Ltd
530129,Nile Ltd
530131,Udaipur Cement Works Limited
530135,Optiemus Infracom Limited
530145,Kisan Mouldings Ltd
530151,Vijay Textiles Ltd
530163,Kerala Ayurveda Limited
530175,Odyssey Technologies Ltd
530185,Surat Textile Mills Ltd
530191,Chromatic India Ltd
530199,Themis Medicare Ltd
530201,KALLAM TEXTILES LTD
530207,Brawn Biotech Limited
530215,Kings Infra Ventures Limited
530233,Auro Laboratories Ltd
530299,Kothari Products Ltd
530305,Piccadily Agro Industries ltd
530307,Chaman Lal Setia Exports Ltd
530313,KIMIA BIOSCIENCES LIMITED
530315,Hindustan Tin Works Ltd
530317,Godavari Drugs Ltd
530331,Premco Global Ltd
530341,Mukesh Babu Financial Services Ltd
530355,Asian Oilfield Services Ltd
530363,Ugar Sugar Works Ltd
530365,Orient Bell Limited
530377,Nila Infrastructures Ltd
530393,DB(INTERNATIONAL)Stock Brokers Ltd
530419,Sumedha Fiscal Services Ltd
530431,Ador Fontech Ltd
530433,Shiva Global Agro Industries Limited
530459,Valson Industries Ltd
530461,Saboo Sodium Chloro Ltd
530477,Vikram Thermo (India) Ltd
530499,AKCapital Services Ltd
530521,Virat Industries Ltd
530543,Marg Ltd
530545,Cosco (India) ltd
530555,Paramount Communications Ltd
530579,U Y FINCORP LIMITED
530585,Swastika Investmart Ltd
530589,Prima Plastics Ltd
530621,Akar Auto Industries Limited
530627,Vipul Organics Limited
530643,Eco Recycling Limited
530655,Goodluck India Limited
530663,Goyal Associates Ltd
530665,Zenith Health Care Ltd
530677,Supreme Holdings & Hospitality (India) Ltd
530689,Lykis Limited
530695,Prime Property Development Corporation Ltd
530697,Zenlabs Ethica Limited
530711,Jagan Lamps Ltd
530715,Alps Industries Ltd
530815,Refnol Resins & Chemicals Ltd
530825,Daikaffil Chemicals India Ltd
530829,Cil Securities Ltd
530845,Sunshield Chemicals Ltd
530871,Chembond Chemicals Ltd
530879,CAPITAL INDIA FINANCE LIMITED
530883,Super Crop Safe Ltd
530889,Alka India Ltd
530897,NGIndustries Ltd
530919,Remsons Industries Ltd
530951,RAMINFO LIMITED
530959,Diana Tea CoLtd
530961,Vikas EcoTech Limited
530977,Shri Keshav Cements and Infra Limited
530979,India Home Loan Limited
531041,Competent Automobiles Co Ltd
531069,Vijay Solvex Ltd
531082,Alankit Limited
531083,Nihar Info Global Ltd
531092,OM Metals Infraprojects Ltd
531109,Ishan Dyes & Chemicals Ltd
531129,Inani Marbles & Industries Ltd
531146,Medicamen Biotech Ltd
531147,Alicon Castalloy Limited
531161,ABM Knowledgeware Ltd
531163,Kemistar Corporation Limited
531173,Syschem (India) Ltd
531179,Arman Financial Services Limited
531198,Dhanada Corporatin Limited
531201,Shilchar Technologies Ltd
531215,RTS Power Corporation Ltd
531216,Comfort Intech Ltd
531233,Rasi Electrodes Ltd
531234,Victory Paper & Boards (India) Ltd
531241,Linc Pen & Plastics Ltd
531253,India Gelatine & Chemicals Ltd
531273,Radhe Developers (India) ltd
531278,Elixir Capital Limited
531289,National Fittings Limited
531297,Artefact Projects Ltd
531306,DHP India Ltd
531307,RRIL LIMITED
531322,SRI HAVISHA HOSPITALITY AND INFRASTRUCTURE LIMITED
531346,Eastern Treads Ltd
531358,Choice International Ltd
531373,The Byke Hospitality    Ltd
531381,Arihant Foundations & Housing Ltd
531400,Almondz Global Securities Limited
531404,Zicom Electronic Security Systems l
531412,Radix Industries (India) Limited
531431,Shakti Pumps (India) Ltd
531437,Prakash Woollen & Synthetic Mills Ltd 
531439,Goldstone Technologies Ltd
531449,GRM Overseas Ltd
531454,Polylink Polymers (india) Ltd
531471,Duke Offshore Ltd
531472,Cybele  Industries Limited
531489,Cg-Vak Software & Exports Ltd
531494,Navkar Builders Ltd
531497,Madhucon Projects Ltd
531499,Sybly Industries Ltd
531512,Orient Tradelink Ltd
531539,Rishabh Digha Steel And Allied Prod
531540,Maruti Infrastructure Ltd
531543,Jindal Worldwide Ltd
531556,Coral India Finance And Housing Ltd
531591,Bampsl Securities Ltd
531592,GENERIC PHARMASEC LIMITED
531624,Country Condo's Ltd
531687,Karuturi Global Limited
531688,Prithvi Exchange (India) Limited
531719,Bhagiradha Chemicals and Industries
531726,Panchsheel Organic Ltd
531727,Menon Pistons Ltd
531739,Gennex Laboratories Ltd
531746,Prajay Engineers Syndicate Ltd
531814,Tirupati Sarjan Ltd
531842,Lahoti Overseas Ltd
531859,Oriental Veneer Products Ltd
531861,Joindre Capital Services Ltd
531862,Bharat Agri Fert and Realty Ltd
531869,Sacheta Metals Ltd
531879,Pioneer Distilleries Ltd
531882,Kwality Limited
531888,Rexnord Electronics & Controls Ltd
531921,Agarwal Industrial Corporation Limited
531950,Vertex Securities Ltd
531952,Riba Textiles Ltd
531977,Chartered Logistics Ltd
531979,HIND ALUMINIUM INDUSTRIES LTD
532033,Jain Studios Ltd
532039,Zenotech Laboratories Limited
532051,Swelect Energy Systems Limited
532054,KDDL Ltd
532067,Kilpest India Ltd
532081,KSS Limited
532090,Vandana Knitwear Limited
532092,Sagar Productions Limited
532097,Mukand Engineers Ltd
532123,BSEL Infrastructure Realty Ltd
532124,Reliable Ventures India Ltd
532141,Andhra Cement Ltd
532143,SKM Egg Products Exports (India) Lt
532159,TRESCON LIMITED
532160,Gujarat State Financial corporation
532172,Adroit Infotech Limited
532173,Cybertech Systems and Software Ltd
532212,Archies Ltd
532216,HB Stockholdings Ltd
532219,Energy Development Company Ltd
532256,Nalwa Sons Investment Ltd
532271,Cybermate Infotek Ltd
532284,TCFC Finance Ltd
532290,BLB Limited
532305,Ind-Swift Laboratories Ltd
532307,Melstar Information Technologies Ltd
532310,Shree Rama Multi-tech Ltd
532323,Shiva Cement Ltd
532324,Cinevista Limited
532326,Intense Technologies
532329,Danlaw Technologies India Ltd
532330,Biopac India Corporation Ltd
532333,HB Portfolio Ltd
532334,HB Estate Developers Ltd
532339,Compucom Software Lt
532341,IZMO Limited
532348,Subex  Ltd
532350,Padmalaya Telefilms Ltd
532351,Aksh Optifibre Ltd
532357,Mukta Arts Ltd
532365,Dynacons Systems & Solutions Ltd
532368,BRIGHTCOM GROUP LIMITED
532371,Tata Teleservices (Maharashtra) Ltd
532372,Virinchi Limited
532373,WEP Solutions Ltd
532375,Tips Industries Limited
532379,Firstobject Technologies Limited
532380,Baba Arts Ltd
532384,Tyche Industries Ltd
532386,California Software Co Ltd
532387,Pritish Nandy Communications Ltd
532391,Opto Circuits (India) Ltd
532395,AXISCADES Engineering Technologies Ltd
532404,Saven Technologies Ltd
532406,Avantel Limited
532407,MOSCHIP TECHNOLOGIES LIMITED
532408,Megasoft Ltd
532410,Transcorp International Ltd
532413,Cerebra Integrated Technologies Ltd
532416,Next Mediaworks Ltd
532419,Smartlink Holdings Limited
532435,Sanmit Infra Limited
532439,OLECTRA GREENTECH LIMITED
532440,MPS Limited
532455,Shalimar Wires Industries Ltd
532456,Compuage Infocom Ltd
532457,Gulshan Polyols Ltd
532460,Ponni Sugars (Erode) Ltd
532468,Kama Holdings Limited
532479,ISMT Limited
532481,Noida Toll Bridge Company Ltd
532486,Pokarna Ltd
532503,Rajapalayam Mills Limited
532507,BAG Films & Media Ltd
532513,TVS Electronics Ltd
532521,Palred Technologies Limited
532528,Datamatics Global Services Limited
532529,New Delhi Television Limited
532543,GP Petroleums Limited
532604,SAL Steel Ltd
532613,VIP Clothing Limited
532616,Xchanging Solutions Limited
532617,Jet Airways (India) Ltd
532621,Morarjee Textiles Limited
532624,Jindal Photo Limited
532626,Pondy Oxides & Chemicals Limited
532628,3i Infotech limited
532629,McNally Bharat Engineering Company Limited
532633,Allsec Technologies Ltd
532637,Mangalam Drugs and Organics Ltd
532641,Nandan Denim Limited
532646,Uniply Industries Ltd
532650,MSP STEEL & POWER LTD
532651,SPL INDUSTRIES LIMITED
532654,McLeod Russel India Limited
532656,FACOR Alloys Limited
532660,Vivimed Labs Ltd
532662,HT Media Ltd
532666,FCS Software Solutions Ltd
532668,Aurionpro Solutions Ltd
532670,Shree Renuka Sugars Ltd
532673,K M Sugar Mills Ltd
532674,Bannari Amman Spinning Mills Ltd
532678,Bombay Rayon Fashions Ltd
532679,SORIL Infra Resources Limited
532684,Everest Kanto Cylinders Ltd
532686,Kernex Microsystems (India) Ltd
532687,Repro India Ltd
532692,Radha Madhav Corporation Ltd
532693,Punj LLoyd Ltd
532694,Bartronics India Ltd
532695,Celebrity Fashions Ltd
532696,Educomp Solutions Ltd
532698,Nitin Spinners Ltd
532700,Entertainment Network (India) Ltd
532701,CELLA SPACE LIMITED
532708,GVK Power & Infrastructure Ltd
532713,Sakuma Exports Ltd
532716,Gillanders Arbuthnot & Co Ltd
532717,Indo Tech Transformers Limited
532719,B L Kashyap and Sons Ltd
532721,Visa Steel Limited
532722,Nitco Ltd
532726,Gallantt Metal Limited
532728,Malu Paper Mills Limited
532729,Uttam Sugar Mills Ltd
532730,STL Global Ltd
532731,ROHIT FERRO-TECH LTD
532732,Kewal Kiran Clothing Ltd
532737,Emkay Global Financial Services Ltd
532740,Lokesh Machines Limited
532741,Kamdhenu Limited
532742,PAUSHAK LIMITED (formerly known as Darshak Limited)
532745,Inditrade Capital Limited
532746,Unity Infraprojects Limited
532748,Prime Focus Limited
532751,EASUN REYROLLE LTD
532756,Mahindra CIE Automotive Limited
532759,Atlanta Limited
532760,Deep Industries Limited
532761,HOV Services Limited
532764,GeeCee Ventures Limited
532767,Gayatri Projects Limited
532771,JHS Svendgaard Laboratories Ltd
532773,Global Vectra Helicorp Ltd
532774,Inspirisys Solutions Limited
532775,GTL Infrastructure Limited
532776,SHIVAM AUTOTECH LIMITED
532780,Parsvnath Developers Ltd
532782,SUTLEJ TEXTILES & INDUSTRIES LIMITED
532785,Ruchira Papers Ltd
532794,Zee Media Corporation Limited
532795,Siti Networks Limited
532797,AUTOLINE INDUSTRIES LTD
532799,Hubtown Limited
532801,Cambridge Technology Enterprises Ltd
532804,Technocraft Industries (India) Ltd
532807,Cineline India Limited
532808,Pearl Global Industries Limited
532811,Ahluwalia Contracts (India) Ltd
532813,C & C Constructions Ltd
532817,Oriental Trimex Limited
532820,E-Land Apparel Limited
532823,Euro Ceremics Ltd
532826,Raj Television Network Ltd
532828,AMD Industries Ltd
532829,LEHAR FOOTWEARS LIMITED
532841,SAHYADRI INDUSTRIES LTD
532842,Sree Rayalaseema Hi-Strength Hypo Limited
532845,TGB Banquets and Hotels Limited
532847,HILTON METAL FORGING LIMITED
532850,MIC Electronics Limited
532852,McDowell Holdings Limited
532853,Asahi Songwon Colors Ltd
532854,NITIN FIRE PROTECTION INDUSTRIES LIMITED
532867,V2 Retail Limited
532869,Tarmat Limited
532870,Ankit Metal  & Power Limited
532873,Housing Development & Infrastructure  Ltd
532874,Suryachakra Power Corporation Ltd
532875,Allied Digital Services Limited
532878,Alpa Laboratories Limited
532879,Sir Shadi Lal Enterprises Ltd
532887,Neueon Towers Limited
532890,Take Solutions Ltd
532893,VTM Ltd
532894,Indowind Energy Ltd
532895,Nagreeka Capital & Infrastructure Limited
532896,MAGNUM VENTURES LIMITED
532900,PAISALO DIGITAL LIMITED
532904,Supreme Infrastructure India Limited
532906,MAAN ALUMINIUM LIMITED
532907,IL&FS Engineering and Construction Company Ltd
532911,PARLE INDUSTRIES LIMITED
532914,Arcotech Limited (Formerly SKS Ltd)
532915,Religare Enterprises Ltd
532916,BARAK VALLEY CEMENTS LIMITED
532918,RATHI BARS LIMITED
532923,RENAISSANCE GLOBAL LIMITED
532925,Kaushalya Infrastructure Development Corporation Ltd
532928,Transformers and Rectifiers (India) Limited
532931,Burnpur Cement Limited
532932,MANAKSIA LIMITED
532933,PORWAL AUTO COMPONENTS LIMITED
532935,Aries Agro Limited
532937,Kuantum Papers Limited
532941,Cords Cable Industries Limited
532945,Shriram EPC Limited
532946,Bang Overseas Ltd
532951,GSS Infotech Ltd
532952,Nahar Capital & Financial Services Ltd
532959,Gammon Infrastructure Projects Limited
532972,Sankhya Infotech Ltd
532976,Jai Balaji Industries Limited
532980,Gokul Refoils and Solvent Limited
532985,Kotak Mahindra Mutual Fund
532986,Niraj Cement Structurals Limited
532988,Rane Engine Valve Limited
532990,Metkore Alloys & Industries Ltd
532994,Archidply Industries Limited
532997,KSK Energy Ventures  Limited
532998,Lotus Eye Hospital And Institute Limited
533001,SOMI CONVEYOR BELTINGS LIMITED
533007,LGB Forge Limited
533008,OCL Iron and Steel Limited
533012,Landmark Property Development Company Ltd
533014,Sicagen India Limited
533022,20 Microns Limited
533029,Alkali Metals Limited
533056,VEDAVAAG Systems Limited
533090,Excel Realty N Infra Limited
533095,Bengal & Assam Company Limited
533101,Suryaamba Spinning Mills Limited
533107,Reliance Naval and Engineering Limited
533108,Bhilwara Technical Textiles Limited
533109,Euro Multivision Limited
533121,EXPLEO SOLUTIONS LIMITED
533137,DEN Networks Limited
533144,Cox & Kings Limited
533149,Essar Securities Limited
533152,MBL INFRASTRUCTURES LIMITED
533156,Vascon Engineers Limited
533157,Syncom Healthcare Limited
533160,D B REALTY LIMITED
533161,Emmbi Industries Limited
533163,ARSS Infrastructure Projects Limited
533164,Texmo Pipes and Products Limited
533166,Sundaram Multi Pap Ltd
533167,Coromandel Engineering Company Limited
533168,Rossell India Limited
533169,MAN INFRACONSTRUCTION LIMITED
533170,Tamboli Capital Limited
533172,INVESCO MUTAUL FUND
533176,DQ Entertainment (International) Limited
533177,IL&FS Transportation Networks Limited
533178,Pradip Overseas Limited
533181,Intrasoft Technologies Limited
533189,Goenka Diamond & Jewels Ltd
533193,KIRLOSKAR ELECTRIC COMPANY LTD
533200,TALWALKARS BETTER VALUE FITNESS LIMITED
533202,NEL HOLDINGS LIMITED
533204,GB GLOBAL LIMITED
533207,Jaypee Infratech Limited
533208,Emami Paper Mills Ltd
533210,Kriti Nutrients Ltd
533211,Parabolic Drugs Ltd
533216,TECHNOFAB ENGINEERING LIMITED
533217,Hindustan Media Ventures Limited
533218,EMAMI REALTY LIMITED
533221,Asian Hotels (West) Ltd
533227,Asian Hotels (East) Limited
533239,Prakash Steelage Limited
533252,Welspun Investments and Commercials Ltd
533257,INDOSOLAR LIMITED
533259,Sastasundar Ventures Limited
533261,Eros International Media Limited
533262,Ramky Infrastructure Limited
533263,Orient Green Power Company Limited
533265,Gallantt Ispat Limited
533270,Bedmutha Industries Limited
533272,COMMERCIAL ENGINEERS & BODY BUILDERS CO LIMITED
533275,GYSCOAL ALLOYS LIMITED
533284,RPP INFRA PROJECTS LIMITED
533289,Kesar Terminals & Infrastructure Limited
533292,A2Z Infra Engineering Limited
533294,Ravi Kumar Distilleries Limited
533295,PUNJAB & SIND BANK
533296,Future Market Networks Limited
533298,Surana Solar Limited
533301,Shekhawati Poly-Yarn Limited
533302,Kalyani Investment Company Limited
533306,SUMMIT SECURITIES LTD
533315,Innovassynth Investments Limited
533316,STEL HoldingsLimited
533317,OMKAR SPECIALITY CHEMICALS LIMITED
533320,Jubilant Industries Limited
533321,Bil Energy Systems Limited
533329,Indian Terrain Fashions Limited
533336,Dhunseri Investments Ltd
533343,Lovable Lingerie Limited
533393,TCI Developers Limited
533407,CIL Nova Petrochemicals Limited
533411,Sanghvi Forging and Engineering Limited
533451,Karma Energy Limited
533452,EBIXCASH WORLD MONEY INDIA LIMITED
533470,Rushil Decor Limited
533477,Enkei wheels (India) Limited
533482,Kridhan Infra Limited
533506,INVENTURE GROWTH & SECURITIES LIMITED
533520,INDIABULLS INTEGRATED SERVICES LIMITED
533540,Tree House Education & Accessories Limited
533543,BROOKS LABORATORIES LIMITED
533553,TD Power Systems Ltd
533576,Vaswani Industries Limited
533581,PG Electroplast Limited
533605,SETUBANDHAN INFRASTRUCTURE LIMITED
533608,RDB Rasayans Limited
533629,TIJARIA POLYPIPES LIMITED
533632,Onelife Capital Advisors Ltd
533638,FLEXITUFF VENTURES INTERNATIONAL LIMITED
533644,Ujaas Energy Limited
533655,Triveni Turbine Limited
533676,Indo Thai Securities Limited
533704,Essar Shipping Ltd
533761,GPT Infraprojects limited
533982,Tera Software Ltd
534060,PMC Fincorp Limited
534312,MT EDUCARE LIMITED
534328,Hexa Tradex Limited
534392,Vardhman Special Steels Ltd
534425,Speciality Restaurants Limited
534532,Lypsa Gems & Jewellery Limited
534597,RattanIndia Infrastructure Limited
534598,SE POWER LIMITED
534600,JTL INFRA LIMITED
534612,ADVANCE METERING TECHNOLOGY LIMITED
534615,North Eastern Carrying Corporation Limited
534618,SANGAM RENEWABLES LIMITED
534623,Jupiter Infomedia Limited
534674,Ducon Infratechnologies Limited
534675,Prozone Intu Properties Limited
534680,SRG Housing Finance Limited
534691,Comfort Commotrade Limited
534742,ZUARI AGRO CHEMICALS LIMITED
534748,Steel Exchange India Ltd
534755,Trio Mercantile & Trading Limited
535204,Mukta Agriculture Limited
535458,NRB INDUSTRIAL BEARINGS LIMITED
535601,Sreeleathers Limited
535602,Sharda Motor Industries Ltd
535620,Binny Mills Limited
535621,S V Global Mill Limited
536170,KUSHAL LIMITED
536264,Tiger Logistics (India) Limited
536493,JK Agri Genetics Limited
536507,Future Lifestyle Fashions Limited
536773,JINDAL POLY INVESTMENT AND FINANCE COMPANY LIMITED
536974,CAPTAIN POLYPLAST LIMITED
537008,ICICI Prudential Mutual Fund
537253,Sunil Healthcare Limited
537254,RCI Industries & Technologies Limited
537259,Suyog Telematics Limited
537291,Nath Biogene India Ltd
537292,Agri-Tech India Ltd
537483,Nippon India Mutual Fund
537524,Viaan Industries Limited
537536,Denis Chem Lab Limited
537750,Kiran Vyapar Limited
537766,BC Power Controls Limited
537800,Mangalam Industrial Finance Limited
537820,VIJI FINANCE LIMITED
538019,Oceanaa Biotek Industries Limited
538365,Adhunik Industries Limited
538432,Divinus Fabrics Limited
538446,MONEYBOXX FINANCE LIMITED
538464,Thirani Projects Limited
538476,Capital Trade Links Limited
538521,Crown Tours Limited
538562,Skipper Limited
538564,James Warren Tea Limited
538598,Vishal Fabrics Limited
538607,Toyam Industries Limited
538634,Vasundhara Rasayans Ltd
538666,Sharda Cropchem Limited
538683,Nippon India Mutual Fund
538685,SHEMAROO ENTERTAINMENT LIMITED
538706,Ultracab (India) Limited
538713,Atishay Limited
538715,Dhabriya Polywood Limited
538730,PDS MULTINATIONAL FASHIONS LIMITED
538734,CEINSYS TECH LIMITED
538772,Niyogin Fintech Limited
538795,Shree Ajit Pulp And Paper Ltd
538812,Aanchal Ispat Limited
538835,INTELLECT DESIGN ARENA LIMITED
538837,Jeevan Scientific Technology Limited
538860,PANAFIC INDUSTRIALS LTD
538890,M K Exim (India) Ltd
538891,MAGELLANIC CLOUD LIMITED
538896,Kanchi Karpooram Ltd
538902,Dhunseri Tea & Industries Ltd
538922,COSYN Limited
538961,GENUS PAPER & BOARDS LIMITED
538965,Concord Drugs Limited
538979,Greenlam Industries Ltd
538987,TALBROS ENGINEERING LIMITED
539006,PTC Industries Ltd
539009,GBL Industries Limited
539015,Ortel Communications Limited
539017,Akme Star Housing Finance Limited
539018,Beekay Steel Industries Ltd
539031,SBI Mutual Fund
539032,Fraser And Company Limited
539042,AGI Infra Limited
539043,BKM INDUSTRIES LIMITED
539044,Manaksia Steels Limited
539045,Manaksia Aluminium Company Ltd
539046,Manaksia Coated Metals & Industries Ltd
539056,IMAGICAAWORLD ENTERTAINMENT LIMITED
539113,Paul Merchants Ltd
539122,Bodhtree Consulting Limited
539126,MEP Infrastructure Developers Limited
539148,Shivalik Rasayan Ltd
539151,Arfin India Limited
539176,Hawa Engineers ltd
539177,Authum Investment & Infrastructure Limited
539195,POCL ENTERPRISES LTD
539196,Amba Enterprises Ltd
539201,SATIA INDUSTRIES LIMITED
539221,Sportking India Ltd
539222,VMV Holidays Limited
539226,RUDRA GLOBAL INFRA PRODUCTS LIMITED
539228,Gala Global Products Limited
539229,Majestic Research Services and Solutions Limited
539235,Grandeur Products Limited
539251,Balkrishna Paper Mills Ltd
539252,Shyam Century Ferrous Limited
539275,Mangalam Seeds Limited
539276,Kaya Limited
539278,Symbiox Investment & Trading Co Ltd
539287,Ortin Laboratories Limited
539290,Oswal Greentech Limited
539309,Rama Steel Tubes Limited
539310,THINKINK PICTUREZ LIMITED
539312,UTI Mutual Fund
539331,VETO SWITCHGEARS AND CABLES LIMITED
539334,Shree Pushkar Chemicals & Fertilisers Limited
539346,Sadbhav Infrastructure Project Limited
539353,SAL AUTOMOTIVE LIMITED
539359,Pritika Auto Industries Limited
539399,Bella Casa Fashion & Retail Limited
539400,MALLCOM (INDIA) LTD
539404,SATIN CREDITCARE NETWORK LIMITED
539407,Generic Engineering Construction and Projects Limited
539447,BEARDSELL LIMITED
539480,LIC Mutual Fund
539515,Gaurav Mercantile Limited
539518,Uday Jewellery Industries Limited
539526,Suncare Traders Limited
539545,Apoorva Leasing Finance & Investment Company Limited
539621,BCL Enterprises Limited
539636,Precision Camshafts Limited
539660,BEST AGROLIFE LIMITED
539686,KP Energy Limited
539725,Gokul Agro Resources Ltd
539730,Fredun Pharmaceuticals Limited
539742,Simbhaoli Sugars Ltd
539784,LIC Mutual Fund
539785,Pudumjee Paper Products Limited
539798,Umiya Tubes Limited
539799,Bharat Wire Ropes Limited
539814,RADHEY TRADE HOLDING LIMITED
539835,Superior Finlease Limited
539841,Lancer Container Lines Limited
539861,SKIL Infrastructure Limited
539872,Bajaj Healthcare Limited
539883,Pilani Investment And Industries Corporation Limited
539894,Madhav Infra Projects Limited
539917,NAGARJUNA FERTILIZERS AND CHEMICALS LTD
539939,Yash Chemex Limited
539945,ICICI Prudential Mutual Fund
539956,TAAL Enterprises Limited
539963,Zeal Aqua Limited
539979,DIGJAM LIMITED
539982,Advance Syntex Limited
539984,HINDUSTHAN URBAN INFRASTRUCTURE LIMITED
539986,Commercial Syn Bags Limited
539992,LLOYDS STEELS INDUSTRIES LIMITED
540006,EAST WEST HOLDINGS LIMITED
540024,ASHARI AGENCIES LIMITED
540048,SP Apparels Limited
540061,Bigbloc Construction Limited
540080,Narayani Steels Limited
540083,TV VISION LIMITED
540108,Tiaan Ayurvedic & Herbs Limited
540134,ISHAAN INFRASTRUCTURE AND SHELTERS LIMITED
540136,HPL Electric & Power Limited
540143,Sagarsoft (India) Limited
540145,Valiant Organics Limited
540175,Regency Investments Limited
540192,LKP Securities Limited
540198,OSIAJEE TEXFAB LIMITED
540210,The Mandhana Retail Ventures Limited
540268,Dhanvarsha Finvest Limited
540311,JITF INFRALOGISTICS LIMITED
540360,LEADING LEASING FINANCE AND INVESTMENT CO LIMITED
540361,DANUBE INDUSTRIES LIMITED
540385,KD LEISURES LIMITED
540401,Maximus International Limited
540403,CL Educate Limited
540425,Shankara Building Products Limited
540497,S Chand And Company Limited
540595,Tejas Networks Limited
540612,ICICI Prudential Mutual Fund
540621,Bhagyanagar Properties Ltd
540642,Salasar Techno Engineering Limited
540647,Ganges Securities Ltd
540648,Palash Securities Limited
540650,Magadh Sugar & Energy Limited
540653,Sintex Plastics Technology Ltd
540654,GlobalSpace Technologies Limited
540669,UTI Mutual Fund
540679,SMS Lifesciences India Ltd
540680,KIOCL Limited
540686,Smruthi Organics Limited
540700,Bharat Road Network Limited
540702,Lasa Supergenerics Limited
540704,Matrimonycom Limited
540709,Reliance Home Finance Limited
540725,Share India Securities Limited
540728,Sayaji Industries Limited
540744,MIDEAST INTEGRATED STEELS LIMITED
540757,SHEETAL COOL PRODUCTS LIMITED
540774,IFGL Refractories Limited
540789,Diligent Media Corporation Limited
540793,HDFC Mutual Fund
540795,Dynamic Cables Limited
540796,Ratnabhumi Developers Limited
540798,Future Supply Chain Solutions Limited
540824,Astron Paper & Board Mill Limited
540954,The Indian Wood Products Co Ltd
540961,Shiva Mills Limited
541005,KANCO TEA & INDUSTRIES LIMITED
541096,Bharat Parenterals Limited
541161,Karda Constructions Limited
541163,Sandhar Technologies Limited
541269,Chemfab Alkalis Ltd
541353,Innovators Facade Systems Limited
541400,ZIM Laboratories Limited
541402,Affordable Robotic & Automation Limited
541545,TALWALKARS HEALTHCLUBS LIMITED
541546,GAYATRI HIGHWAYS LTD
541627,HI-TECH WINDING SYSTEMS LIMITED
541809,ICICI Prudential Mutual Fund
541972,SBI Mutual Fund
541974,Manorama Industries Limited
542012,A-1 Acid Limited
542141,Techno Electric & Engineering Company Limited
542230,Aditya Birla Sun Life Mutual Fund
542231,Nila Spaces Ltd
542233,Trejhara Solutions Limited
542248,Deccan Health Care Limited
542333,CESC Ventures Limited
542351,Gloster Ltd
542367,Xelpmoc Design and Tech Limited
542383,Ritco Logistics Limited
542513,UTI Mutual Fund
542641,Cox & Kings Financial Service Limited
542655,Vikas Multicorp Limited
542665,Neogen Chemicals Limited
542669,BMW INDUSTRIES LIMITED
542684,Prakash Pipes Limited
542685,Digicontent Limited
542729,DCM NOUVELLE LIMITED
542747,Nippon India Mutual Fund
542758,ICICI Prudential Mutual Fund
542774,APM Finvest Limited
542839,Nippon India Mutual Fund
542852,Vishwaraj Sugar Industries Limited
542857,Greenpanel Industries Limited
542862,Shahlon Silk Industries Limited
542863,Aditya Birla Sun Life Mutual Fund
542905,Somany Home Innovation Limited
542919,Artemis Medicare Services Limited
542921,ICICI Prudential Mutual Fund
542933,UNIVERSUS PHOTO IMAGINGS LIMITED
542935,ICL Organic Dairy Products Limited
543174,Nippon India Mutual Fund
543214,NDR Auto Components Limited
543218,SURATWWALA BUSINESS GROUP LIMITED
543220,Max Healthcare Institute Limited
570002,Future Enterprises Limited
570004,Jain Irrigation Systems Ltd
570005,Stampede Capital Limited
590013,Xpro India Ltd
590018,Hisar Metal Industries Ltd
590022,Eastern Silk Industries Limited
590025,Ginni Filaments Ltd
590030,Southern Petrochemical Industries Corporation Limited
590031,De Nora India Limited
590051,Saksoft Limited
590056,Salona Cotspin Ltd
590065,INDIA MOTOR PARTS & ACCESSORIES LTD
590070,RADAAN MEDIAWORKS (I) LIMITED
590072,SUNDARAM BRAKE LININGS LTD
590075,Lambodhara Textiles Ltd
590107,Kotak Mahindra Mutual Fund - Permitted
590109,Reliance Mutual Fund-Permitted
590110,Quantum Mutual Fund
590113,Reliance Mutual Fund-Permitted
590115,Motilal Oswal Mutual Fund-Permitted
590122,Ashika Credit Capital Limited
590134,Madras Fertilizers Ltd
