,Unnamed: 0,PK
0,,Â­ÂSoÃ®jp$Â¦Ã£Ã±ÂÂ
1,Â+Â ÂÂ¯@Ã'ÃÃºohÃ¡MÃÂWÃmHÃJÂÂPYÂ£)ÂµTÃÃ¹Â-B]Ã ÂPÂÂ¡*ÃÂÂÃÃ§ÃFTÂ²Â¡YÂ|dhÃ¯SÃ¿)gÂ·Â¡ÃÃxÂ£Â£ÃÂR~kÃ«ÂnÂ®RTÃ¯/OoÂ¯ÂÃR$Â½Ã«ÃÂ¡u8ÃC5Ã©iÃ5Â¶=Gv	ÂÂ*ÃÂ2ÃÂÃ¾,
2,Ã¯-Â´]t#-KÃÃ¬Ã%&Ãh|#pÂ·Â¡Â@Â»Ã½{YÃÃ}Ã°ÂÂsÂ¿{Ã®Â¡ÂÃ¯tÂ|ÂÃ³Âª55Ã3Â0Â¢ÂÃljÃ´Â´ZÂ¤SÂÃ¸ÃÂÃ¤MkÂ F{Ã°hÃ./*aÂ©h<Â¸ÃÂ,
3,|IÃSakÂ´,
4,$Â.ZÂ©iÃ¶ÃÂÃ~Ã6Â´Â¨ÃªÂ¿Ã(}Ã¬Â»ÃÃÃÂÂ¡Ã»w9ÂÂ['Â´*aÂ¸bÂºÃªRÃÃÃÃ­ pÂ¾S}7jÃKÂ¸pÃ·ÃÃ½}Â¶ÃpÃ«w ÃÂÃ°ÃªÂ½)0vÃ¬ÃeÃ§Â¢Â«ÂÃÃÃÂÃ^Â°ÃxÂ«Ã$Â¹Ã²8!dÂÃÃ¤Â¼ÂÃÃ¼rÃ°Ã¦Â³Ã¿/ÃkÂ¶Â¶sÃ§ÃbBÃÂ~Ã£Â¤}	?ÃÂ¬iÃÂd(9Ã¤,
5,ÂI\Â£<ÃÂ·ÂÃ¬IÃªÂ¤9Ã¦ÂOÃÂºÂ@Â :N|y,
6,l?1_ObÃ¬ÃÃzÃ¶ÃhÃÂÂ·ULÃ4PQÃ¸aÂ´Ãf[ÂÃ¿2Â*TÂ¯ÃnÂÂ«Â¾,
7,,
8,SÂ¡}ÂÂldÂÃÃmÂuYI]ÂgÂÂv\7Â½yÃ»Ã¦Ã«ÃÃ¨Ã«\Ã(ÃÂÂ®-Â·}Ã³=rÂÂÂÃÂµ5Â·oÃ¾ÂÂ%J#Â·ÂÃeqÃµuÃiÂf][{]ÃWosCÂ¢47ÃÃ²Ã«Â²ÃzÂÂ¥Â¹ÃV`ÂU6ÃÃÂ(ÃÂÂ¾Â­Ã}Ã³ÃÃÂ¡Ã,
9,ÂBÃ»Â¶Ã·ÃÃ·ÃÂµÂÂÃ¶m,
10,Ã®ÂÃ¯Âk5,
11,Ã¬ÃwÂ»}Ã³=rÃ­Â FÂ¡Â}[ÂÃ»Ã¦kÃ¤Â±vPÂ£ÃÃÂ¶Ã»Â¬Â²Ã:(QÃª`[Â}ÃÃ hÂ(uÂ°Â­Ã>Â«lÂ´JÂ:ÃÃ`ÂU6Z%JlkÂ°Ã*ÂÂ¬ÂÂm,
12,Ã®ÂÂ¯Â¹1Ãj:8Â´5Â¸oÂ¾GÂ®Ã(tphkpÃ|Â\;Â¨QÃ¨Ã ÃÃÃ Â¾Ã¹Â¹vPÂ£ÃÃÂ¡Â­Ã}Ã³oÂ,QÂ¹Â­Ã!Â«lÂ®sCÂ£47ÃÂ²ÃfÂÂ¥Â¹ÃÃÃ ÂU6ÃÃÂ(ÃÂÂ¶ÂÂ¬Â²ÃÃ¦ÂDinÂ´58dÂÃ67$
13,ÃÃ7_scÂ©Ã(tplkpÃ|Â\;Â¨QÃ¨Ã ÃÃÃ Â¾Ã¹Â¹vPÂ£ÃÃÂ±Â­Ã}Ã³=rÃ­Â FÂ¡Âc[ÂÃ»Ã¦{Ã¤ÃAÂRÃÂ³WÃ«Â DÂ©Âm,
14,ÂYeÂ«uPÂ¢ÃÃÂ¶ÃÂ¬Â²Ã:(QÃª`[ÂcVÂÂ,QÂ¹Â­Ã1Â«lÂµÂ¹!QÂS[ÂÃ»Ã¦knÂ¬unhÃ¦ÃÃÃÃ Â¾Ã¹yÂ«sCÂ£07Â¦Â¶Ã·ÃÃ·ÃunhÃ¦ÃÃÃÃ Â¾Ã¹Â¹Ã
15,"uÃ»~ÃÃÃ¬;jÃ­ÃÃ¡Â´Â#Ã¡sÃºÃT[Ã¢ÃZ""x",
16,Â¤cÂ­-qj-a<JÃªtÂ¦ÃÃÃÂjÃ¦1ÂÂ¨+ql-Â¨VÂsÂÂºÃÃÂjÃ«1Â³Â¨+ql-Â¨VÃÃ³ÂÃUÃÂ³ÃÃÂjÃ°Ã©Ã2,
17,ÂWÂÂ§ÃÃ¤Ã	ÃÃÂkTÃ£ÃZ }:Âyz3ÂjÂZÂ¸O'DOoÂRÂSkÂÃ¹Ã©Ã«Ã©SmÂSkÃ¼Ã©ÂÃ­Ã©SmÂckAÂµÂÃ¿Ã´CÃ½RÃÂ8Â¶T+Po>RWÃ¢ÃZPÂ­Â@Â½YI]ÂckAÂµBÃµÃ¦&u%ÂÂ­Ã,
18,ÃÂÂ¡ÃÂ8ÂµÂ°Â NÃÂÃ<Â¥Â§ÃÃ	Ã¾ÃÂÂ­TÃ£ÃZ,
19,ÃµÂ}C.qj-pEÂÂ CÂ­Ã¡Â³5Ã/8<Ã¼Â®~Â¨_Ã¬Â¢PÃ¢4svÂÂ¨ÃµÃ³AÂ£~Â±ÂBÂÃ£ÃÃ,
20,gÃÂÂ¿ÃÂ8ÃPÂ­ÃFÂ½Y\]ÂÃ£ÃÃ,
21,qÃÂÃÃÂ8Â¶T+ÃQoFWWÃ¢ÃZ@Â:Â¡ÂzÃ³ÂºjÂZÃ¼Q'ÂQÃ¯fWÂSkBÃªÂ3ÃªÃÃ¬*qj-ÂHÂÃFÂ½Â]%NÂ­Â©Ã¢Â¨ÃLÂµ%ÂÂ­Ã,
22,ÂÃÂ»ÃUÃ¢ÃZPÂ­ÂIÂ½Â]%ÂÂ­Ã,
23,Â4Â¸ÃUÃ¢ÃZPÂ­Ã°IÂÂ]%ÂÂ­Ã,
24,Â¢4Ã¾ÃÂ8Âµ Â¥N0Â¤ÃÃÂ®Â§ÃÂ§Ã	Â¨4Â¸ÃUÃ¢ÃZ@Â:ÂÂ7Â»JÂZÂ´R'<ÃÃ fWÂSkXÃªI:SmÂckAÂµB%,
25,nvÂ8Â¶T+`RkÃ¸ÃÃ¯2ÂÂÃ,
26,Ã4Â¸ÃXÃ¢ÃZPÂ­@MÂÂ%ÂÂ­Ã,
27,Ã4Â¸ÃXÃ¢ÃZPÂ­Â MÂÂ%ÂÂ­Ã,
28,Ã4Â¸ÃXÃ¢ÃZÃÂ:Â7KÂZT'ÂÃÃ FcÂSkÂÃªsÃh,qj-pPÂÂNÂÂ%NÂ­ÂªÃipÂ£Â±ÃÂ±ÂµÂ ZÃ¡Â7K[ÂªÃ¤ipÂ£Â±ÃÂ±ÂµÂ ZÂ¡Â7K[ÂªÃ°ip'Â°ÃÂ±ÂµÂ ZaÂwKZÃ¬JÃ³Â|lÂ¿Â¿&ÂXÃ£ÃÃÃÂ¨cÃ»=Â¼9Â5Â­
29,4Â^Â¾ÂxÃ¬ÂÃCk{`Â£ÂÃ­iÃ·Ã»Ã§ÃÃÃ·Ã»ÂÃÃ¶ÃFÃÃÃ°ÃÃ¤Â­qlm[ÂµÂ½Â°QÂ9Â5ÂÂ­mÂ«6ÂÂÃ¼ÃÂÃÃÃÂ¶UÃ5ÂXÃ£ÃÃÂ¶jÂ'ÂÂ£Â¯}Â¨qÂ¾Â­Ã^ÃÂ¨ÃÃÃ~wÃ«7ÃÂ¨ÃÂdwÂÂ%NÃÂ¨Â ÂdxÂÂ%NÃÂ¨Â Â¡dÃ¸,
30,Ã8ML`Â£zaÂFÃ³1kÂ&&Â°QÂ½Â°OÂ£Ã¹Â5ÂÂ­Ã,
31,Ã»4ÂÂÃÂ8Â¶T+Ã¬Ãh>f_Ã¢ÃZPÂ­Â°OÂ£Ã¹Â}ÂckAÂµÃ>ÂÃ¦cÃ¶%ÂÂ­Ã,
32,Ã»4ÂÂÃÂ8ÂµÃÂ¨^ÃÂ¨Ã|ÃÂ§ÃÃ5ÂÂYÃ£ÃZ`Â£zaÂ£F3kÂZlT/Ã¬ÃÂÂÃÃ{mÂSkÂÂÃªÂ}ÂÂxÂ9Ã¥19ÂÃ¢Ã§Ã´;Ã£ÃÃ¸]{lÂ¿Â®Ã§Â£A{5ÂÂ­Ã,
33,Ã»4&#Ã±<Ãº|/Ã	Ã¬wÃÂ©yÃ´Â±=Â½]ÂÂÂ{l-Â¨VÃÂ§ÃÂÃÂ syÂ²ÃªÃºÂqj}Â¾ÂÂfÃÃ»Ãg7ÂjÂÂ,
34,ÃPÂÃÃ®Âµ%NÂ­6Âª6j4'Â°ÃqxÃ¸Â,lÃhN`0ÂrvtQ
35,;Ã£ÃÂ9Ã>ÂfÃÃµ%Â3T+Ã¬ÃhV]ÂrvÃZPÂ­Â°OÂ£Yu}ÂckAÂµÃ>ÂfÃ,
36,Ã»4ÂUÃÂ8ÂµÃÂ¨Ã GÃ³ÃÂUWÃ£ÃZ`Â£zaÂ£FÂ³ÃªjÂZlTÃ Â©rÃ´Ã¶Â¼ÃÂ©ÂµÃFÃµÃFÂfÃÃ8ÂµvgÂZÂ²Ã¶i4Â«.Ã¨Ã|v3Â¶T+Ã¬ÃhV]_Ã¢ÃZPÂ­Â°OÂ£YuÃÃÃckAÂµÃ>ÂfÃÃµ%ÂÂ­Ã,
37,Ã»4ÂUlÂ¯=Â¶T+Ã¬ÃhV]_Ã¢ÃZ`Â£,
38,ÃGgV]ÂSkÂÂÃªÂ}ÃÂªÂ«qj-Â°QAÃÃÂjKÂZlT/Ã¬ÃÃ¨V]ÂSkÂÂ,
39,Â°9Â½[u%ÂÂ­Ã,
40,Ã»4ÂºUWÃ¢ÃZPÂ­Â°OÂ£A{ÃUÃÃakAÂµÃ>ÂÃ­Ãµ%ÂÂ­Ã,
41,Ã»4ÂºUWÃ¢ÃZPÂ­Â°OÂ£[u%NÂ­6*Â¨Ã¯Ã¼ÃÂºUWÃ¢ÃZ`Â£zaÂFÂÃ¶jÂZlT@Ã¥rÃ´Â¦ÃÂ§ÃÃÃ»4Â´WÃ£ÃZ`Â£ÂYOG?Â¹ÃUÃ¢ÃZPÂ­Â°OÂÂ]%ÂÂ­Ã,
42,5Â¹ÃUÃ¢ÃZPÂ­Â°OÂÂ]%ÂÂ­Ã,
43,Ã»4Â¹ÃUÃ¢ÃZPÂ­Â°QÂÂ]%NÂ­6*ÂÃ¾<sÃÃ¬*qj-Â¬Ã°Ã5Â¹ÃUÃ¢ÃZXÃ¤)Â~9zÃ»U^Ã¢8|Ã»Â©Ã¸x@ÂÂ·ÂBÂÃÃÃÂ§Ã7daÂ&Ã·ÃJÂfÃÃ@5ÂÂÃ­ÂÃ£1Â¹Â&Ã¬ÃÂÂ¨;5Â»vÃÂ©9|Â¾ÂNÃ®Â¥	5Â¡ÂÂ¶3NÃÃ¡c{:zoÂ­ÃÂ±ÂµÂ ZaÂ&Ã·ÃJ[ÂªÃ¶i2ÂªÂ®/qj-Â°QÃ±0EÃ¾pÃK+qÂº(Ã¬ÂSÃ«Â³Ã¶ir/Â­ÃÃ©Â¢,
44,ÃFÃfvÃ8ÂµÃÂ¨xpQÂÃ.Ã%NÂ­6j6j67ÂªÃÂ±ÂµÂ ZYj67*lÃgGnT<>ÃÃ¾Â¦ lÃlnÃÂ±ÃÃµMa&7*ÂÂÃ¡EÂFvÃ»Â¥Ã¡Â±ÂµÂ ZaÂfsÂ£Ã¢Â±LÃ¹pÂ°ÂµÂ ZYj67j(qj-Â°QÃ±Ãe>:sÂ£jÂTlÃ lÃlnTÂÂjaÃÂ¨xÂªSÂÃÃ®Âµ%NÂ­6j6j67ÂªÃÂ©ÂµÃFÃCÂ£rÃ´vÂ¯-ql-Â¨VÃÂ§ÃÃÂ¨Â¡ÃÂ±ÂµÂ ZaÂfsÂ£Ã¢ÂÃ|v#Â¶T+Ã¬ÃlnÃPÃ¢ÃZPÂ­Â°OÂ³Â¹QÃ±ÃÂª=Â¶T+Ã¬ÃlnÃPÃ¢ÃZ`Â£Ã¢ÂÃ|tÃ¦FÃ8ÂµÃÂ¨AÃÂ¨ÃÃÂ¨Â§ÃOÃÃÃÂjKÂZlÃ lÃlnTÂSkÂÂÂvÃ¥Ã¨MÂµ%ÂÂ­Ã,
45,Ã»4Â5Â8Â¶T+Ã¬ÃlnT</ÂÃnÃÃÂjÂ}ÂÃÂJ[ÂªÃ¶i67*GÂÂ£ÃÃÂjÂ}ÂÃÂJÂZlT<ÃÂÂÃÃÂ¨Â§Ã55zUÃ£ÃZ`Â£Ã¢ai9zSmÂSkÂÂÂ}ÂÃ­)ÃÂ§ÃÃbÃÃÂjK[ÂªÃ¶iv7ÂªÃÂ±ÂµÂ ZaÂfwÂ£J[ÂªÃ¶iv7ÂªÃÂ±ÂµÂ ZaÂfCÂ¯Ã¢IÃ³ÃÂ[ÂªÃ¶iv7ÂªÃÂ©ÂµÃFÃÂÃªÃ¹Ã¨ÃÂ*qj-Â°QÂÂ°QÂ³Â»Q%NÂ­6*ÂÂÂÂ£7ÃÂ8ÂµÃÂ¨AÃÂ¨ÃÃÂ¨Â§ÃÂÃÃÃÂjK[ÂªÃ¶iq7ÂªÃÂ±ÂµÂ ZaÂwÂ£J[ÂªÃ¶iq7ÂªÃÂ±ÂµÂ ZaÂwÂ£J[ÂªÃ¶Â©5|Ã¬wÃ½*_hx`Â£b,
46,ÃÃfNÂÃÃ6jÃ¶iqÂ³Â«ÃiÃ¦,
47,rÃ´fvÂ8Â¶T+Ã¬ÃÃ¢fWÂckAÂµÃ>-nvÂ8Â¶T+Ã«B-nvÂ8Â¶T+Ã¬ÃÃ¢fWÂckAÂµÃ>-nvÂ8ÂµÃÂ¨AÃÂ§ÃÃÂ®Â§Ã5Ã»Â´Â¸ÃUÃ¢ÃZ`Â£aÂ7Â»JÂZlÃ Ã¬ÃbÃÃ8ÂµÃÂ¨AÃÂ§ÃÃÂ®ÃÃÂjÂ}ZÃ¬9ÃÂ¡ÃÂ±ÂµÂ ZaÂ7Â»J[ÂªÃ¶iqÂ³Â«ÃÂ±ÂµÂ ZaÂ7Â»J[ÂªÃ¶iqÂ³Â«ÃÂ©ÂµÃF,
48,Ã>-nvÂ8ÂµÃÂ¨AÃÂ§ÃÃÂ®Â§ÃK{Ã¤Â»ÂÂ]%NÂ­6j6jÂ±Ã§kÂZlÃ Ã¬ÃÃ¢fWÂckAÂµÃ>-Ã¶ÂÃ¡PÃ¢ÃZPÂ­Â°OÂÂ]%ÂÂ­Ã,
49,Ã»Â´Â¸ÃUÃ¢ÃZPÂ­Â°OÂÂ]%ÂÂ­Ã,
50,Ã»Â´Â¸ÃUÃ¢ÃÃX>Â¥Ã¹%Ã°Ã~Ã6Â³Â«ÃÂ¡Âµ#Â°QÃÃ¶{x3Â»jZÂ«Â³ÃÃÂjÃÃ¬:Ã¶KÃ¥Â¡Âµ#Â°QÃÃ¶Â´{Ã½Ã\Ã£ÃÃXÃ¼Â^Â¾!ÂÃuÃ¬ÂÃckÃÂªÂÂZÃÃ~Ã¿ÃÃ°mÃÃÂ3Â²{Ã½mUÃ£8sÃÂªÂÂZÃKÂ«qÂ9mÃÃÂ6Ã¹Ã¨ÃKÂ«qÂ9mÃÂÃF-Ã¦Â¥Ã8Ã`Â£bÃ9zÂÂ%ÂÃÂ·ÂÂÂZÃÂªÂ«qÂÂÃFÃÂ<rÃ´6sJÂfÂ°QÂ£Â°QÂYu5N3ÃÂ¨XÃ¯'Â½Yu5N3ggÂÂ¿ÃGaÂ{JÂ²ÃÂ±ÂµÂ ZaÂÂ³ÃªbÂ¹!9;l-Â¨VÃÂ§ÃÃ°Â±Ã}ÃIOQÃKÂ±*|8Â¢ÃÃ­Â/Ã«Ã§Ã»]ÃÂ¯ÃÃ+ÃÂjÂ}ZÃ®ÂqÃ»Â¥Ã¡oÃWÂ6*CÂÃÃ¯ÂÃ±:|ÂÃÂª.ÃÂjÂÂZÃ®ÂqÂÃÂ©5YyexÂ¸Ã,
51,Âµ&+Ã®>Â«zM`YÂ¾Ã­FÃRMÃ²Ã¡Xk5ÂÂ¼Â¶2<ÃkÂÂZÃk@ÃÂ£ÃÂª^ÂÃVÂÃ,
52,Ã»Â´vÃÃ|Â¯]ÂÃVÂÃ,
53,Ã>Â«Ã¶7ÂÃÃÂºPkÃ§3'Â«vM+ÂÂÂ£Ã,
54,Ã»Â´Â¦7#ÂÂ}VÃµÂÂ¬Â¼2<Â¨VÃÂ§Ã^mÃ«\Ã¥ÂÂÂ¬<ÃÂ¨XÃ§JvÂ·ÂBÂÃEÃÂ¨QÃÂ¨5amÂ¯NÂÃEÃÂ¨XFKÂÃZ[Ã¢Â·K[>PÂ­Â°QkZÂ°Ã¬<zQuÂ²Ã²ÃÃ°Â ZaÂÃÂ´`Ã9Â¼Â¨6YyexPÂ­Â°OkZÂ°Ã¬^TÂÂ¬Â¼2<Â¨VÃÂ§5-Xv/ÂªMV^T+Ã¬Ã:xkEÂµÃÃ+ÃÂjÂ}ZÂÃ»ÂÃyÃ´Â¢ÃdÃ¥ÂÃ¡AÂµÃ>Â­Â]Ã¯5ÂÂ¬<ÃÂ¨QÃÂ¨u4ÃÂ8Â©ÃÂ¨QÃÂ¨5amÂ¯NÂÂjÂÂÂ%ÃÂ²jGkmÂÂjÂÂÂÂZGkmÂÃ_ÃÃgÂªÃ¶iÂ­ÂµOV^T+Ã¬Ã:ykEÂµÃÃ+ÃÂjÂ}Z'Â»ÂÂ8Â¶T+Ã¬Ã:ykEÂµÃÃ+GÂªÃ¶iÂÂ¼ÂµÂ¢ÃdÃ¥ÂÃ¡AÂµÃ>Â­ÂÂ·VÃ®ÂµÃÃÃÃ¡ÂÂÂÃ¥Ã£Ã²Â¼O+ÂÂ½ÃÂªÃIÂµÃFÂÃFÂ­	k;ÂÂoÃÃÃ+GÃÂÂ}ZgkmÂÂjÂÂÂÂZgkmÂÂjÂÂÂÃÃ¯Ã¤Â³Â·Ãj<YyÃ¥ÃÃ,
55,Ã»Â´.Â¦ÃÃÃÂjÂ}ZÃk@ÃÃÃÂ½6=EYÂT+Ã¬ÃÂºxkEÂµÃk+ÃÂjÂ}ZoÂ­Â¨6=EYÂÃ,
56,Ã»Â´.ÃZQmÃ²Ãtx`Â£beÃ<sVkmÂSkÂÂÂ}ZWÂ» Â8]ÂÂÂÂÂÃ¥Ã¨Â­Âµ%NÂª6jÃ¶iMXÃÃ«Ã,qR-Â°QÂ±Â®Â¡Â½ÂµVÃ£Ã+Â­Ã
57,Ã»Â´nÃZÂ¹Ã&3Â¬ÂªÃ¶iMÃÃ§ÂÂÂ¨6ÂaexPÂ­Â°OÃ«Ã¦Â­Ã&3Â¬ÂªÃ¶iÃLÂµ%ÂÂ­Ã,
58,ÂµÂºÃ%Ã±,
59,Ã.`Â£bÃÃ4s67Â»JÂTlÃ(Ã¬ÃÂÂ²|mmÂÂjÂÂÂ}ÃÃÃ¬*qR-Â°QÂ£Â°OÂÂ]%NÂ­6*ÂÂ¬ÂÃÃTÂ«q4Â»`ÃÂ¨QÃÂ§ÃÃÂ®ÃÃÂjÂ}ÃÃÃ¬*ql-Â¨VÃÂ§ÃÃÂ¨ÃÃÂjÂ}ÃÃÂ*ql-Â¨VÃÂ§ÃÃ(ÂÂ£lÃ(Ã¬ÃÂÂ²|ÂUÂSkÂÂÂ}ÃÃÂ*qj-Â°QÂ±\hÂÃ·Ã¶Â¢ÃÂ§Ã5,
60,ÂµÂ¹UÃ¢ÃZ`Â£b5R9zSÂ­ÃÃÂÃÂ§Ã_~Â}ÃÃÂ*ql-Â¨VÃÂ§ÃÃÂ¨ÃÃÂjÂ}ÃÃÂ*ql-Â¨VÃÂ§ÃÃÂ¨ÃÃÂjÂ}ÃÃÂÃ8ÂºQÃFÃRÂ­yÃ¦Â¸UÃ¢ÃZ`Â£FaÂ6wÂ£JÂZlÃ(Ã¬ÃÃ¦nTÂSkÂÂÂÂÃÃÂ*qj-Â°QÂ±ÃÂ¬|Ã¶Â¦ZÂÂ£Âµ3N-Ã,
61,Ã»Â´Â¹UÃ¢ÃZPÂ­Â°OÂÂ»Q%ÂÂ­Ã,
62,Ã»Â´Â¹UÃ¢ÃZPÂ­Â°OÂÂ»Q%ÂÂ­Ã,
63,Ã»Â´Â¹Â¥qrÂ£bÂµÃfkÂÃ­ÃÂ{7sÂ£jZ;ulOÃÃÃÂµ5Â­ÂÃ|Ã¡Ã¨Ã¥^knÃÂ±_*Â­ÂÂÂ:Â¶Â§ÃÃ«ÂÂÂÃÃZÃpÃ´Â¢ÃÂ¹ÂªÃ¶ÃÃ¯.OnÃÂ´3P,
64,Ã»{ÂcÃÃj2Ã°RÂÃ°PÃCrÂ¸^ÃÂ &PÂÂÂÂÂÂÂÃÃ¤Â@Mf*ÂKÂOÃÂÂ´j2Â¬(5	5g`MÂ®	ÃdXSjn*,
65,XÂk6Â,Ã¤TÃ·ÂÂ¼Â®Â³ÃÂªÃ¤Ã¤fÃ©4ÃÂ©ÃÂµNÃÂ©(Ã MV%'?Â«
66,xÂUÃÃÃ*g,
67,xÂUÃÃÃÃÃPÃÃÃµÂ¢ÂÃ¤zÂ½6Â¹&ÂÂÂÂ¢ÂÂÂÃªÃ¬ÂJK %GÂ«Ã£Ã«XÂk5HÂªIHÂ©8krM %Ã¯LTKÃJ5Ã¤Â¯ÃÂpÃÂÃdPÂ²ÃTÂ±Ã¿}%8ÂÂ¬J&Â,"ÃÃ²Â3PÂ¡ÂCvÃ¬Ân8lM;9ÃÃ¼ÂÃ´ÂkÃÂ±c.pÃÂÃ²ÂÂÂÂ©ÃªÃ%ÂÃ·Ã4#hkÃÃ©Â©Ã¦Â¨PÃ';vÃg@MÂ®jn*ÃÃÂ\Ã*Â²jÂ²Âª{pÂ¯Â¬&ÃÃsÃ­ÃÃHÂµ>""aÂ§Â¢Ã}%xÂÂ¦5ÂÂtÃ$Ã´TÂ¸Â¯gÂÂ2GÃ-ÃµrÂ dÃ¡Â§bÃ¿Ã»JpP%Â§g1KPÂ²TQÃÂÂ¬JFÃlgÂ©Â=P%7"
68,+,
69,"ÂÂk58Â­I8Â¬VÂÂÂÃÃÃ¨OBbEÂE5ÂfÂ°ZÃ±""#ÃA2_Â¯E5Â.@kMBcÃÃ",*	Ã5Ã&Â¯5	ÂcÂE5Â.@lMBdEÂE5ÂJ&+
70,xÂUÃÃ5,(YÂ¨Â¬(`ÂÂÂÂM%ÂÂ¼ÃÂªd4wÂ«ÃµÃ»@ÃÂ¬Â¸czÂÃµÂLÂ¦`Â¼<ÂªYÃ ÃÂÂ¾ÂÂ)h	ÃÃ¤Ã¨Â­c{.PÂl	Â Ã¤x?ÂÂ*ÃLÃcÃ|ÃÃ¤xÃCÂ«3SÃ°Ã1 S0^ÂÃ´ÂlÂ¦Ã Â±c.
71,Z6Â¹Â­Ã¤YHÂ®Â®3SÃÂ°Ãm%ÃÂ¾Ã´ÃªÂ¥ÃÂ°@[ÃÂ³Ã\qÃµRQÃÂwÂÂµgÂÃ°\Ã±ÃÂ·^*ÂÃ,HÂ«ÃÃÃtÂ¢Ã«ÃÂÃ·Â·Y$HWÃÂ¢ÂÃj\Ã¬faÂ¶bÂ»TÃÂE@uÃBuEkrMÂ &ÃoBÂYdÂ¦`M SpÂ²Ã«ÃÂz`Â¦Â %ÃÂ¥ÃÂ®YÃÂ­Â®3SÃÂ°ÃÂ dYÃ¹*
72,xÂÃµÃuZUÂ­LSPÂ²Ã°[QÃÂÂ¬ROÂ¯@(@ÃJpuf,
73,Ã%ÂLÃx5\[Jpuf,
74,;Â¦Y@ÂÂÃÂxÃÃ³Ã¾Â¦dEÂ¼:zÂ 4Ã>gÂ Ã·dsÂÃ³Ã,"Ã+^k'B3ÃÃÃ¨RÂÃÂ¬ÂWgÂ®Â£%ÃÂ¥bgÂ¹Z;eÂ¼:sgMÃ¨ÃuÂwÃ¨AÂ¹'Ã·Ã¦:;Ã=Ã¨ÃuÂÃ¡MÂÃÃ¶Â¼Â¿Ã""QrÂÃÂ¹Â BÃYÂ®Ã¦G$BÃ­ÃuÂÃ·Ã»Ã¥YÃÃRmÃ³Ãr5ÃÂÃ§VÂÂ@Â³Â¯YÂ®ÃlMKÂ YÂÃÂ¬WoÂ®cM Ã1^6ÃÃ¾ÂÂÃ±ÃªÃu<vLÂ³Â\ÃÂ¯c{ÃÃfÂ2^=Â¹Â30^ÃÃ¶\Ãn8ÃxÃµ	%ÃiÂºÂ³\Â­YÂ¤ÂWoÂ®Ã£\Â°ÃÂ deÂ¼zsÃ£]ÂÂ¢rÃ§ÃjÂÂ"
75,Ã\ÃcÃÃ´&ÂÂ°|DÂ deÂ¼zsÃ§Â@Ã·ÂÂÃ¥jÂÂ,
76,Ã\ÃY!Â°>Â¡ÂzÃxÃ!Ãµ#Â¶o5ÂÂÂÃÂ¬ÂWoÂ®cM Ã1Ã-ÃÃ¾ÂÃ¡ÃªÃu<vLM&ÃqÃÃ«ÃÂÃ·7%+Ã£Ã'ÂÂ°Ã´,
77,ÃÃxÃSÃÂ´Ãº}Â°Â£Z-Â¡)ÃÃÂ)oÃ¯Ã3 %Ã£5ÃÃY]oÂ¦Â %Ã=Â¯YÂ®ÃLAKÂ &Ã£5+ÃÃÂ)XÃÂWÂÂ¶{Â WoÂ¦Ã Â±cÂh,
78,Ã£5+Ã£ÃÂ»)XÂ¨ÃÂ°ÂÃÂ¬ÂWoÂ¤Â %`ÂAÃÃxÃµn,
79,"Ãl2(YÃÃÂÂ¿rÂÂSÃÃQÂ­ÂÃÃ¡ÃªÃÂ¬	Â¤Ã¤ÂÃ¥jPÂ¡)8+ÃÃ2o30^ÃÃ¶4ÃTÃÂ«'R0^Ã«Ã>eÂ¼z7k5Â¯YÂ®Ã=Â»ÂÂÂ0^Ã±FYÂ¹XÂºgWÂ¨ÃÃxÃÃxÃµÃ²Y)Â¯xiÂ­ÂÂ}Â»Â®	Â¤Ã¤ÃjMSEÂ¸zÃ·Ã¬j6ÂÂ¬ÂWÃ¯Â]I@ÃÂ¯YÂ®Ã=Â»ÂÂM%+ÃÃÂ»gWÂ°ÃÃ°Ã­ZÂ¯Ã=Â»Â@MÃkVÂÂ«wÃÂ®&PÂÂÃ±ÂÃ¡ÃªÃÂ³+	Ã¨ÃÃ£/Â¸gWÂ¨Ã;ÂªÃÃÂ""\Â½[j5ÂÂÂÃÂ¬WÃ¯ÂZMÃ&ÂÂÃ¡ÃªÃRÂ«	ÃdPÂ²2^Â½[jÂ0Â Â¥Â¶Â³\ÃÃÃ¯Ã¤Ã-5ÂÃÂ´ÃvÂÂ«Y@Ã®ÃÂÂ|Â³B`Zj;ÃÃ", Â¿ÂÂ·ÃÃRÃ+^Ã¦Âu0Â¸Ã£UÂ¨ÃÃxÃÂp
80,Â´'/ÃxÃÂÂ­ÂÂ¬ÃÃ¯LÂ¾JÃ¸vÂ­ÂWÂ¼4Ã¹ÃÃ¿<Ã¹ÃºÂ¯5Â¾JÂÂ¶Ã£Âµ(ÃÃ¯5Â¾Ã¶?ÂÂÃ£ÃÃWB), JÂ%V
81,"ÂÃ""oFÃ¬Ã¢",
82,ÂÃUrÂ²ÃÃÂÂÃ¡ÂÂlZUrÂ²ÃJPÂ²2^crÃÃÂ¨ÂÂ%Â¦ÂÃ±ZÂÃ±jÂ¨	t?,Â Ã·Ã¤DÂÂÂÃ®ÃÂpÃ%kÂk]*ÂÃ±ZÂÃ±Â%wÂÂ*9QfÃ¥@ÃÂpÃ{Ã­TÃÃs+@ÃÂpÂµ
83,Ã¨=ÂÃ=YÂ®1Â­Âw~DÂªÃ¤dÃªÂ3,"Â Ã·Ã¤dÃªÂ3Â{Â²""\Ã±B<Ã»ÂTÃÃÃ+@ÃÂpÃ;Ã«Â¬Â*9alÂ¥"
84,Â^9Â±,Â[Â²\cÂ²Ã¼^/Â¦5Ã¡vJPÂ²\cÂ²Ã¼ÃzKNÂ^)
85,bMV%'OÂ¯,
86,Â¨ÂÂÂ§WÃÂ Â­Ã¤UÂÃ±Âw	XUrÃ²Ã´JÂÂ¶ÂW]ÃkJÂÃÂÂ-gQ[ÃÂ«.Ã£Ã­ÃÃ¨=9YnzÂxÂ­ÂxÃÃºÂµ@IHÂ[)_Â?Â¡VEÂ¼b{+Â ÃÂ®ÂÃ¥V,
87,Â¨Â&W,
88,ÂÂÃ±ÂÃ¥XÂ¯Ã½ÃrOÂÃ¥TÂ¯ÂR,ÂµÂµ&PÂÃ±ZÂÃ ÂÂ:Â¯|=ÂÂ@ÂÃ
89,ÂÃÂ±Ã½Â¾\ÃJÂV@Â¾]ÃBÂWÂ~DÂ°ÂÃÂªWÂ¬syÃ­ÂÂ*9arÂ¥,
90,"Â¨ÂÂW>""PÂ²\Â­Âªd.",
91,Â¨ÂÃ¨W,
92,ÂÂÃ±ÂÃ¥Ã·Â¬Â*9qxÂ¥,
93,Â¨ÂÂW,
94,ÂÂÃ±ÂÃÃ«Â¬Â*=;XÃkUÃ+ÃÂÂ³zOFÃÂÃ±ZÃ±ÂÂµÃ¡Â¬Â*=;@Â¼V%Â¸fÃ·Ã¬j)Â¯UÂ¯Ã=Â»Â@Ã*vRÂ«uÃQÂ+>Â«QI@ÃÂ¯UÂ¯XÂÃ,
95,"Â¨ÂÃÂ³ÂeÂ¼VEÂ¼bU0+Â JFÃÂÃ±ZÃ±ÂÃÂ³Â«	ÃdPÂ²""^Â±Ã¨ÂÂÂ*9arÂªd`Â¼VeÂ¼fÃ·Ã¬JzvÃxÂ­ÂpÃÂUvÂªdÃ´Ã¬vTÂ«9MUÂ¨Ã®Ã)Ã£+B]GÂ 0^Â«""\Â³{v5ÂÂÂÃÂªÂÃÃ¬Â]M %Ã£Âµ*Ã5Â»gWÃÂ³ÃkUÃ+V3Âº>Ã¢Ã{rMÂ /^ÃxÂ­ÃxÃZBV@ÂLÃ",
96,ÃÃ¯dEÂ¸bÃ­ÂkÃ¿Â³Â(yIÂ®a)Âl}Ã±RÃ+Ã~Â°ÂªÃ¤Ã¤ÂÂ deÂ¼bÃ¥+ Â¿ÂciÂ+Â¡,
97,ÂÂÂÃ±ZÂ%wP%'ÃÂ­,ÂÃ{)PÃ°)Ãº
98,Â¯c{.pOÂÂ³Â*Â<Â»,
99,"Â¯cÃ»oP%sÂÂ¶ÂÂ·ÂÃ½ÃÃ®KÃy%Ã¡Â¾ÂÂÂ´ÂÂ¼Ã­Ã¬Ão(	XÂ Â­Ã¤MÂ¯Ã\GKÂ¸/VÃ¥ÃJÃÂÃ±ZEÂ¬	Ã¤:nÂ°ÂÃÂ±=}DÃ¦:ZÃ}Â±*gÃVÃ²Â¦ÂW<Â^Âf	Ã·Â©h+ySÃk1ÃÃÂ¨ÃÃxmÂpÃÃÃµj5ÂÃ±ÃÂÃ±ZÃuÂ¬	Ã¤:nÂ°ÂÃÂ±=5Ã\GKÂ &Ã2^Â""\ÂÂ¹ÂÂ@MÃkSÃk1ÃÃÂ°ÃÂ deÂ¼sÂ·ÂÂM%+Ã£ÂµÂÃ«Â¸Âr7XÃÃ«ÃÂÂlÂ®Â£%`ÂAÃÃxÃÂÂ¬Â¦Â½'ÂÃ«Â¸Ã£ulÃg`Ã·]Ã§kIÃ§ÃªÂ¥Â¯MÂ¯xÂ´ÂAMÂ &Ã£ÂµÃ©*]ÂÂ¹Â5Â\Ã",
100,"Â¯c{ÃºÂÃuÂ´j20^Â""\Ã±Â£}DzO&ÃqÃÃ«ÃÂÃÃÂÂ¬X<[xAi2(YÂ®Ã\ÃÂ­&`ÂAÃÂºÂÃbÂ®Ã£VÃuÃÃ UÂÃÃ¶Ã´ÂÃ«h	ÃdPÂ²2^ÂÂ¹Â[MÂ Ã5Â¼ÂªqSÂk1ÃÃÂ¨ÃÃxmÃx-F",
101,Ã«ÃÃ¿ÂµÃ5ÂÂÂÃÂ¦W,
102,Â¯c{ÂEÃ®x)Ã£ÂµgÂ·Ã£ulÃÂ¬ÃÃxÂ­ÂÃmÃxÃskÂ²B`ÂÂª\ÂÂ¡Ãª,WÂ³Â
103,Ã/ÂÃRÂ¸ÂTÂÃÂ®ÂÃ±,
104,HÃ¡ÃÃ¿lÂ²(9 Â+Â¡,
105,Ã=YÂ¯Ã¸Ã¾ÂµÃ¿Y@Ã®ÃÃ±Ã¸+A, Ã·Ã¤
106,Â¯ÂÃ¥j)YÂ¯Ã¸ÃÂ©Â©ÃÃ>Â¯ÂrÂ deÂ¼Ã¢/ÂÃÃ¾Ã§Â¨ÂÃÃ±ÂW5nÃxÃ_Â­Â*Â¯ÂÃ¥j~D*TwÂ¼ÂÂ¿Ã]G QÃ·,
107,Â½Ã¼F,
108,ÃÂ¹.Ã¾ÂµÂÃÂÂ^	hÂ¼H$Â+Â¶ÂÃÃ·Â²kÂºÂÃÂÂ¤sÂ¥Â¿ÃCÃ¶~Ã¨ÂÂÃ¼Â¾Ã®,
109,Ã9aoQÂtÂ®KÂÂÂ§Ã¦5TÃ§Ã¤F,
110,ÃÂ¹ÂaÃ¡zy,
111,Ã½ÃNV`Ã Â+<Â¾ÂÃPÂÂÃ=,"ÂÂÃH$Â+KÂÃµÂ¼fÂ Ãw(Â¬Â©sÂ¥ÃÂ5TÃ§Ã´Â¾Â8ÃÂ¹eÂYÂ/Â»Â¦ÂGÃ«Ã³E""Ã©\Â¡Â²Ã\ÃÂ]s"
112,"ÂWÂ¤sÃ¥Ã63""Â£ÂÃªÂ^|ÂÂ¤sEÃ6Ã³""_vÂ½ÃÂ£Â_Ã¡ÃÂ¬(ÃÂ¯",jdÂG
113,Â¿ÃÃ¬9Â¼,2jdÂG
114,Â¿ÃÂ¼ÂÃ¬@YSÂBÂE,
115,"Â¿ÂÃ²&Ã£pIÃ§ÂÃµÃ±Â³ÃªÂ5Â§'S3Â¸Ã§Â¤sÃ¡ÃÂ¢FÂ£Ã§Ã¹~ÃsÃÂ¹ g1BÂ£Ã§Ã¹~ÃsÃÂ¹Pg1BÂ£Ã§YÃ§ÂÃ='Âx#4zÂÃ¯Ã§}|;Â¿:VtÃ¨YÃ· hYÂÃ =Â¯ÃsÂ ÃÂ¢ÂÃªÃÃ¼JÃÃÂÃ""c1ÂÃªÃ",KÃÃÂÃ¯(YSÂÃÂÃgÃ¥=Â¯ÃsÃÃÃ¢(Ã³Ã¯Ã³Â¨Ã¡=/Ã¬'Â5Ã²ÃÂºÂÂ¯[ÃÂ¬9u^3Â¸Ã§Â¤sÂ¡ÃÂ¢ÂÃ«Â¼fpÃIÃ§ÃÂE
116,ÃyÃÃ ÂÂÃ9ÂÂÂÂ«Ãi}Â¼Ã¸ÃIÃ§ÂÂ¥EÂFÃUÃ§Ã¬'ÂÃ=xÃÃÂ­Ãz^3Â°Ã§ÃÂ¦E,
117,ÃyÃOÂ¬ÃsÃÃÂ¢ÂÃªÂ¼Ã¡'ÃÃ¬9jQCÃ¯Ã§,
118,?Â±fÃ°gEÃ·sÂÃÂ¢Ã·ÂÃ¢Ã`ÃÂ¸gEÂ¹Â¶Â§Ã§Â¡:OÂÃ¤UÂ£dÃÂ³Â¢Ã ÂÂ«ÃÃeÃÃ§ÂÃÃÂÃ£XkÂÃWÂÃ·Â¬Â¹ÃCÃ¯Ã§ÃqÂ¬5HÃ§Â¤EÂ{Ã\5TÃ§Ã,
119,Â¬5HÃ§Â­EÂFÃUÃ§Ã,
120,,5
121,ÃºÃ.[ÃÃ°yU3Ã°ZÂÂEÃUÃÃÂÂ¼z^2x^ÂÃfÃ«ÂxÃPÂ'ÃÂ±~VÂ¤sÃ¡ÃÂ¢Fc^Â©ÃÂÃ£XkÂÃÂXÂÂyÂ¥:OÂcÂ©P[Ã· ÃZÃÃ°ÂÃÃ¬9pmQCuÂÃÂ³5{h[ÃÃÃ»yr$Â¯%Â¯%@Â·E,
122,Â½Â'DÃ±ÂªQ2Ã°ZÂ[ÃP'JÃ±ÂªQ2Ã°ZÂ[ÃÃÂ»uÂ¯%Â{NÃ·sÃÃÃºÂÃ¤H^5TÃ§ÃqÂ¬sÂt.Â¨[ÃÃ°Ã¯5Â{N:Ã-jÂ¸ÃkÃ·Ât.Ã[ÃpÂÃÃ¬9 o]4 =Ã5\Ã§5{Ã[ÃÂÃ_Ã½Ã­;CÃ@ÂÃ,Â£ÂÂ¨8Ã¾ÂÃ¡5JÃ¶|gÃÂÃ~Ã«ÃÃ¨Ã²Â¢Ã³Ã¸IveÂÂ¹Â¯Â±ÂÃ³ÃwÃ¬kÂS5Â{NÃ·sAÃ Ã¢<=ÂÃQ]GQÃÂt.\Ã%Â·Ã°:ÃyÂÃÃZÂt. \ÃhÃ´\Ã®Ã§]rk
123,ÃÂ¹Â°pQÂ£ÃsÂ¹ÂwÃ,
124,Â¬5HÃ§BÂ»ÂµkÃÃ½ÂkÂÂ¶ÃsÃ·ÃÂ}ÂÃÃ~XÃÂ«,
125,ÃyB(Â¯%ÂÂ®%qÂÂ¡ÂªÃ¢DQ^5JÃ·tÂ¨|Ã¿Ã¨l=ÃP~ÃÃ ÂÂÃÃ£ÃÂÃHÂÃ¤u%Â{:ÂÂÂ ÃÂ°kÂepÃAÃ§qÃv-Â±Ã¬9Ã±pÃ±qk,
126,Â»XÃ¶ÂxÂ¸Â¸Tk,
127,"Â»XÃ¶ÂxÂ¸Â¸ÂKÂÃ¤HÂ=Â¯ÃsÃ¢Ã¡Ã¢vÂ 5Â¼Ã§5{N<\Ã0Â´ÂÃ·Â¼fpÃIÃ§ÃÃÃµ]zÂªÃ¸ÃºÂ¬TÃ§ÃqÃ{TÃÃ Z""<\ÃhÃ´\uÂÃZÂt.Â´[ÃÂ¹ÂÃÃÃ®9Ã©\xÂ¸Â¨ÃÃ¨Â¹^	ÃOÃ¬ÂÂ;Ã©^Ã«~Â¢e`ÃÂÂÃ«dAÂ´8ÃyÃ@ÂÃ	5Â¼Ã§5uN<\'<\ÃÂ¹ÂhÃsÃ¢Ã¡:Ã¡Ã¡Â¢ÂÃ·Â¼fÂ ÃÂÂÃ«ÂvÂÂ®Ã³ÂÃ='Â5=WÂÂ£ÃÃwÃÃuÂ¯Ã2Â¸Ã§Â¤sÃ¡Ã¡ÃºÃÂ½Â¾Â®fpÃIÃ§ÃÃEÂFÃUÃ§Ã¨ÃµuÃÃÂÃ´YÂµjÃ¨?Â¹ÂÃ¥ÂH<\'Ã«Â©ÃyÃÂ³Ã¦Â¼Â¶ÃÂ{VÃÃ´Â½]xÂ¸Â¨q_)Â®zÃOn`Â­AÃÃÂÂÂÃ·Â¬Â¹jÃ¨?Â¹ÂÂµ}oÂ®Ã¯ÂOÃ¬jÃ=+j",
128,ÃºÃ.Â´[ÃÂ¸Â¯ÃyÃ¨?Â¹ÂÂµÃ©\xÂ¸Â¨ÃÃ¨Â¹Ãª<Â¹ÂÂµÃÃÂÂÂÂÂÃ«Ã½<Â¹ÂÂµÃ©\xÂ¸Â¨ÃÃ¨Â¹~oOn`Â­A:ÃÂ­Ã¯Â[xÃµCuÂÃÃZÂÂ¾Â·5=WÂ'7Â°Ã Â®SÃÂ­svÃ2PÃ§ÃÃuJÂ»uÃZÃ}ÃÂ¯Ã§A:WÃÂ­svÂ°ÃÂ@ÃÃ[ÃªÂÂ;Ã·u7ÃÂ¥kÂÂ³Ã§ÃÃÃ¦reÃÃ³ Â+Ã­ÃÃ5ÃUCtbÂ¿2j,
129,ÃÂ¹ÃnÃ±ÃkÂÂ«ÂÃ¨<Ã¾Ã´veÃÂ¤sÃ¥Ã¡Ã¢9ÃW,
130,"ÃyÂÃÃZÂtÂ®<\ÂÃ^CtÂÃ£ÂQkÂÃÂÂÂÃ¬Ã¡:ÃyÂÃÃZÂtÂ®<\ÂÃÃÂ«ÂÃ¨<~]GQj?jÃ²Ã¯ÃÃ¸R}ÂpÃÂ¨ÃsÃ¢Ã¡:Ã¥Ã¡Ã¢fÃ«5Ã¤~ÂÃ¦+Â£ÂÃ©\yÂ¸Â¸(^#\Ã§!Ã·Ã³>9uÂµÃÃÂvÃ«ÂÃ¬jÃªÂxÂ¸NiÂ·ÃÃAÃÃ ÂÂÃÂvÃ«ÂÃ¬jÃ·ÂtÂ®Â´[Â³ÂÃª<Â¹ÂÂµÂ¤sÂ¥ÃzÃ§Â»ÂÃÃ³ÂtÂ®<\Ã¯|bÃ¼%7Â°ÂÃ©\yÂ¸ÃÃ¹ÃÂ®fÃ Â¼"".~ÃÃªQÃºÃ½Â£fÃ Â¼""Â®SÃÂ­w>Ã2p^?ÂÃµ<Ã¼ZR3Â°Ã§ÃÃuJÂ»ÃµÃ'ÃÂÃ¤ÂÂÃ¯P[Ã«owÃ±Â\ÃÃÃ¹DÃÃ ÂÂÃÂÂÃ«ÂOÃ¬jÃ·ÂtÂ®<\Ã¯|bÃzÂ¦ÃsÃÂ¹Ã²p}rÃk{ÃÃ ÂÂÃÂÂÃ«Â[xÃPÂ'7Â°Ã¶ÂtÂ®<\Ã¯Ã;w5{N<\ÂÃ²i'Â·Ã°<ÂÂÂ='Â®SÃÂ­OÃ´Ã¡UCÃ¯Ã§Ã",
131,?Â±f`ÃÂÂÃ«ÂÂÃ«~bÃÃÂFÂ¨ÂÂÃ«Â¼f`ÃÂÂÃ«ÂvÃ«ÂeÃÃ t?WÂ®oxÂÂ1Â°g	ÂÃÃ|Ã¥n=4<ÃÂÃÃ³ÂtÂ®<ÃÃÃ°,kÃ+ÃÂ¹Ã²pCÃÂ³Â¬<Â¯HÃ§ÃÃ
132,ÃÂ²fÃÂÂ¿Ã»ÃºÃÃ£Ã£Ã³Ã?Â¿Ã¿Ã¾Ã_ÃÃ¿Ã¥Ã±Â¿Â¿Ã¿Ã²ÂÂ?}Ã³Ã©Ã±Ã0ÂÂ¾ÃÂ¿Ã}Ã¹Ã¸ÂÂÂ®y~ÃºÃ¥Â»Â·!Ã??=??}>Ã¾Ã±Â§ÃÃ·?<~ÃÂ³#Ã¹ÃÂ§Â§Ã§Ã³_Ã}Ã¿Ã­KÃ¬OÃÃÃ¸ÃwÂ¿>}Ã¹Ã«QÃ²Ã»Ã¿PK,
133,,
134,Â¹ÂºrÃµaBÂ½cÃaiÃÂ¯]ÂªÃºNÂ4ÃªÃ¸wGÂÂ.Ã»ÂÂ(,
135,e)Ã®Ã¸s,"Ã¼Â«Â»~pÃ­Ã'ÃÃ»TÃ¬Â ÂKÂÃ­T*""Âa$.Â±Â§Ã°lÃxÂ$|Ã¥Q%Ã¤Ã¨Ã¼&Â´Â²UÂ­6+	""Â©Ã¯Â¥(Â·Â·&`wÃ¡Â¶OÃw*Â(*Â§xNk"
136,!Ã¦Â¢KÂ¹wÂhÃÂBv2ÃÂ¥Ã¯Q$$<Ã¨Ã¸UÃ½Ã§WvÂ¯TÃNaDÃ¥[ÃnÂ Ã¿,
137,Â»Ã ÂnÃ©9y4.'Â­ÃÃµÃ¦^Ã©_Â¨\ÃÃµ[Ã½fÂ¿YÃºÃ,
138,Â¬Ã?:|Ã·ZÂ½Ã­ÂÂ7Ã¼oÂ¯qÃkÂ¨Â¯AÂ¹Ã¿Ãº~0Ã¨B-Â¼Ã¥Ã¸ÃÂ¾^omuÃ«^Âr|s,
139,ÃÂªÃ®ÃµÃª-Â¯A1%Ã©t,
140,]m4Â·Â»ÂÃÂÂ	Â£NxÂ»QÂ´Â¶,
141,ÂÂ¨ÂÃ¼S+ÂÃÃLÂ¢ÃÃ¥rÂjÃ¼ÃÃEr8Ã§ÂÂÃ«	ÂÂ0e^?ÃBÂ¸lnqXÂ¯ÂÃ´ Ã®Â´Ãyb#Â¹$SÂÃCÃÂÂÃ¬Â±i7FIÃ¦ÃIÂÃÂÃJyÂ·ÂtÃÂÂÂ½CÃwÃJ7Â¦Ã»ÃVÂºÃÂÂ»Â Â&Â¥eÂÂ¨'3Ã®ÃÃ¥5ÃÂ¬ÃºÃÃ©aÂ­2 Ã¬Â^'$=SÂ¼Ã³ÃÃvÃÃÃ£ÃÂ¹yVÃzÃ®?(Ã=4KocÃÃ«-ÃªÂ½BÂ¿WhÃ¿Â¯ÃÂÃ¶Ã²ÃÃÃ¥Â¥ÂJÂ«Ã`~Ã¢ÃÃ§Ã¯dÃ£Ã±{B(Ã9ÃÂBÂÃ4Â p,.+Ã·ÂTÂ­Â±
142,"vÂ«Ã@SS)hÃªÂtÃ¼Ã¦vJ&@YÃÂÃÃ­>&ÃÂP'[D#xÃ¹HÂoÃ¸Â(KÃÂÃ¬!Ã§ÃÂ¢ÂÂ«AB$Ã¦%IÃWÃ/Ã@SÂ­!Â[mÃ¡Â%ÃYyÃÃAÃÃ­$Ã£ÃÃLÂ»1Â¢""ÂÂÃÂµÃÃ¹TÂ_Â¬",ÃÃ=ÂÃoLgÃ¼ÂkÂ´j*Â!Ã°ÂÂ§ÂG3$Ã°VÂ²Â²eÃ½Â­4Â¦BvÃÃÂÂºÂÃ²qDÂ³ÃÃ³Â®Â¥Â¼Â¤Â£Â¿Â10Â¾kÂÂ!)Ã¡8R
143,"ÃÂªÃMÃÂ®ÂsÃÃuÃ6RÂ3DsÃ3-UQ]ÃÂ­bÃÂ6Â°ÃÂ5yÂÃ""ÃÃ.ÃÂKÃ·ÂªÃ¤Â¶ZÂ·rN(Â»Â¼ÂÂÂ£Ã«ÂÂ£!ÃÂÂYÃÃ£uVÂ]ÂÃÂ½cÂ±Ã3Â¨ÂÂ§IÂªÃ\Â¸]Â[Ã#ÂÃÃÃ Â:?ÃÂ­V-MÃ§JiÃ½ÃÂÃ¹?",
144,ÃÃ½PK,
145,,
146,zmrÂ¨ÃcDÃJEÂ¢,ÂµmÂ¬_Ã ÃÃÃ¥Ã/Â K<8ÃÃÃ£ÃÃ§
147,T/	ÂÃhÂ!oÃÃÃº!Ã³ÂMÂu2Ã»Ã¤iÂ®PÂÂ1PÂ¼!VÃÃÃhÃ¶t6Â¶fSÃ`Â·Â¾/ÂÃ*x,
148,Ã°\wÃQÃº &=	|IÃ¸Ã¾NÃ¸Â²A&kÃ¯ÃlÂ>ZÂ¹Ã2Â%Â¿tuÃ«<ÂÂÂÃ¸]Â¤Ã´gZiÂ«ÃH?ÂÃaEQ}Ã¯Â Â5$X.ÂÃ«qÂ°,
149,Â·1pÂ&	Ã¸hÂÃ³8ÂÂ8ÃÂ8#kÃÂÂ ,
150,ÃªÃÃÂ»ÃÂ£xdÃV\Â2ÃÃ«yÃ¶!ZÂ¢4Ã¡ÂÃÃÃÃ{Â_*Â·Ã¬IÃ±Â¥:Â®ÃÃ­}_ÂZÃÂ³c*-[i^ÃªÃJÂ¢ÃÂ´ÂÃ¦KuUÃ¹sÂ·Â¦-/Ãµl!PhÃBÂ±Â¯ÂÂª$ÂÂ`e,
151,ÂÂµBÂÂÂ½Â¥Ã¦Â¿M`Ã	+y,DÃ	Ã«elRÃ¸ !ÂºÂ°Ã°ÂÂ¥Â­
152,"Â¼*{ÂÃ½\JÂlaÂ±ÃÂeÂºÂÃ¤Â½Â¢Ã¨#Ã¦ÃÃ""Â;ÂÃÂÃdAVÃ²qÃ½WÃÃ±&*ÃCÂÂ®Ã¹ÃÃ%Â¬Â®>$qÂÃÂªjÂÃ¡eÂpÃ°ÂÃÂ§ÃµÃ§okÂÃ»Ã¢1Â½Â±Ã¦o6ÃÃ³Ã»m|dÃÃÃ`WÂ¬Ã³Â©ÃÃV""ÃÂ>di",Â¶)ÂÂÂPÃ»WÃÃÂ´OOÂÂ¤Â¦Â´Â ÃÃ¨Â§)%)aÂB?Â¥$Â·ÃAHÃÂ»~ZRÃ²7Ã¬ Ã©Â¿ÂfoÂ¥$Â¨4Ã#Ã{ÂÃMbKIHÂ¸Â¾Â£ÃÃ±Â Â¬{ÂÃ®:ÂÂ³oXÂ9ÂÃ°Â-ÂÃ½LBÂÂ°ÂÃ!Ã#ÃµÂ¶^Â£Ã®>o[Â½ÂZbÃ´6nÂ°ÂªÂ¨ÃÃ Ã¹~f jÃÃÃ
153,lÃ·ÂÃ¬mÂ¿HÂKÂÂÂºÃWaR*ÂÃ zOÂ ÂºQ*/Ã ÃºÂPÂ9lsÃdÃÂIÂÂºLÂÂÃÃÂ©f.Ã¬ÃÂk,
154,"tÂ;d<Â®T$8$ÂÃ dÂLÂ§Ã#1Â£ÃÂ§Â´""Â LÂ¸Â¶Â¯Â©ÃºsÂÂÂÃÃÃÃÃ""xÂ°Â²Ã¢Â`Ã±sÂ½ÃÂ§Â´Â©ÂÃµMÃ«Â¬;QNÂÂ§lZÃ°Ã´vÃgÃÃÂ¤ÃX Â©ÂÂÃ¶ÂÂ§nÂ«#2&;ÂÂEÃ>ÂÃÂ§ÃYÂÃ½ÃÂ°8aY!Ãµ(",
155,"~ÃÃÂ·#Â¥ÂpK*ÂvÂuÂVoÃ§Ã§Ã¥Ã¾V&CÂºÃÃ¥ÃzÂ¼Ã¹ÂÂÃ£ÂµÂ§ÃµÂ¬Ã3	Â'Ã Ã¯jÃ¸Â¬Ã±\ÂÃ±Â.Â¸hÃ·Ã0ÂÂÂÂ'Ã¬ÂhÂÂÂ¯Â´ÂÃ¶vÂÂ Ã¢Ã¢ÃaÂPÃÂÃvÂ&Â¡Â£""Ã1",!Ã¤ÃÃºU{J)GÂjÃ@@Ã¾ÂYÂÂ°!$Ã^ÃvG(Â´Â£B
156,ÂÃÃPQh,
157,ÃEÃlXAÂÃÃ¨Ã	CÂÃ·Â³BÃ­Âs-$Ã´Ã7Ã4Ã/ÂÂ¢Ã´_Ã5}OggtSÂÂ¼8N'Ã¤Ã4UyA$a|!ÂÃ¥!ÂÃ§ÃÂÂÂÂ¥Â³ÃÃ`Ã¹Â³Ãy:2F k)Ã¸ÃÂ(Â°Ã©Ã8Ã£*(?ÂtBF%JÃÂ½Â´ÂÂuMEiÃ¡ÃÃ¶qÂ¶OUTÂ¥Ã Ã©UÂ°Ã¶Â·Qq+~ÂÃ«ÃµÃ±Ã¬Ã±,Â¦ÃFÂÃhq=9Ã®Ã¢ÃºÃÂÂÃ¡Ã¾ÃwVÂ½~2ÂÃ¯Â­ÂÃeÂÃ¦Ã©ÂºÂ¸XÃÃ©z.ÂÂoÂ®Â
158,"ÂºÃ$79""Â¸Â¾Â®ÂÃ·Â¨Ã`Ã§ÃXÂ{SÂÂNÂ·ÃÂ­^Â±ÂfÃ£Â ÃOÃÃ·ÂÃ½=WÂ½Ã³ÂÃµÃ¶Ã¿wÃÂ)Ã?-ÂÃ}",
159,Ã©Â®,"7ÃÂ ÃÃ=yg>KÃ\sÂ²Â£ÂÃÂ»C{4YÃ¹Ã»Â/\FÂ©Â½ÃºYÃ½Â­Ãy	Ã³4ÃÂ1pCÃ§Â»bÂ³_W{ylÃº~?IzÃÃo;Ã½ÂºÂ¾9Â³gÃÃ¹4YÃÃ¾Ã¦ÂÃ¿ rÃ®Ã¢Ã·ÂÃ´2kÂ¡qSÃ¯:ÂÃ¥JÂ*{ÃÂhÃºÃ¥jS~D^Â7ÃÃ¯OÃ«Ã	LÃ³Ã ÃÃa4Q[]ÃUÂ¬	Â»?TKÃ¿ÃÃ»Ã½Â±fÃ±ÃÃUÃÃ¹Â£{Ã¾Ã¤Ã¥Â³AÂZvWÃ¬Â¾Ã±0@Â¼Ã§ÂÃ¬Ã¬Ã1Â§ÂÂ¾wÃÃÂ´<|Â«wÃ¾Ã¹ÃÃ³01Ã®ÃÃ½ÃªÃÂ°Â¼f\L'ÃÃÃÂÂh:P[ÃÃÂÃ§F^Ã|6RÂ½Ã_ÂÃÂ¡Ã¨ÃÃ®Ã	Ã¯~]L""Ã£AÃ»Âº.yÃÃÂ²XÂÃkÃÃÂÃÃ©Â2Â7OÃ»aÃÃ Â¢ÃÂdÂg"
160,|!ÂÃ¥Ã½Â®Â¾Â|Â¡ÂlÃmu-oÂÂÃ¾Kb?Â¿ÃÂi}]ÂºÂgC}ÃQÂ¬Â~UlÂªÂÂÂªÂ¥y/XÃ¨Â¶Âº.ÂGÂ½Ã¢Â±ÂºÃ±SÂ[Â¶ÂÃ­Ã¢vÂ;=Â&Ã8Ã§ÃÂÃ¥ÃºÂºZÃºÃwqÃµÃÃÂÂÃ«zWjÂ¯Ã¶0]Ât5}WOÂ«NÂ°FÃ¡Ã¡NÃ!Ãªa0ÂA:HwÂ¯VÃbwWÂ¿ÂÃC7NDÃ¼i9Â´Âª~Â¾Â<Â>Ã§ÃºÂÃyÂ¦Ã§ÃzwÂ¿Â¸ÂÂÃXÃ°Ã¶Â¾Â¸+Ã«wÃ$HÂÃ.=Ã«u!wÂ²Ã¸Â:SxÂª}ÃºÃÂ¶TÃ»Â½Â#xÃ¡Ã¿#DÂÂÃaÂ£POÃ¶z1v8Ã°ÃMÂªJÂ¶I<Â¿BÂÃÃÃGÃ¦ÂÃ«rs@ÂZÂ¤Ã©<Â¦H3=ÃµÃÃ±ÃÂª7ÂÂ¡Ã#ÃÂÂ¦HAÃ¶MÃÂ¢ÃdÃÂ¼7cÃÂ¦Ã,ÂiÃÂ{Â¶{VlE+Ã°Ã°ÂgsÂuvÃ¤ÃÂ±ÂÃ<Ã¬ÂÂ³Ã¿Âg}:WÂ³ÃÃ¯ÃNÂ°9n|1Â]ÂÂ¹Ã§QÂ»-vÃ¯iÂ³3Ã¯Â³ÃµÂ¸nÂXyÃÂ wÂ¦ve}VÃ¿Â¶ÂÂ²Â¿Â«GÃ½;Â¯
161,ÃÃÃ,Â5knÂBÃzÂµÂª;Ã¹Ã±ÃcÂ¹ÃÃgÂ¤Ã¦Ã©ÂÂ´Ã¶ÃÃÂÃ¦Â¬Ã¢NÃ¶Â´?ÂkÃ»ÂÃ|ÂIÂ¦ÃÂ«ÂÃ¯Â°Ã;ÂuÃÃÃÂÂ¶@ÃfÃ±LKÃfÃÂ³j{F[wÃÃ¹UÃªÂ£ÃÂvÂ¾Ã½JÃY<&Z
162,5Ã£fÃÃ¦Â¦Ã¦ÃÃ¨9z[ÃÃ)`Ã7ÃÂJcCÃ«tÂ.Â¸ÃÃ±ZGÂNÂi?ÃbÂ­ÂÂª6ÂÂ¬Ã=ÃÂkÂ´Ã¬Ã¹Ã~7ÂA?ÃÃÃkÃÂuvÂÃ¬ÂW\Â¤BÃ2cÂ®ÂÂ®51Ã¡%ÃÃ®,2ÂÂ½Â§ÃÂ°ÃaÂ¿-ÂÂ3ÃÂÂ¡Ã¸Â´Ã%ÃÃ·Ã¢Â¬Â·Ã`UÂ°xÃÃ¤Yb(Â«Ã®YÂ½Â¹Ã»Ã¦Â¬ÃÂÂµkY0
163,-oÂ¿Â¯;ÃjYÃÃÂ«}Â«nvwÃ¥7Ã»ÃiÂ¯ÃÃyÂ±)`ÃÃ£ÃgÃÂ dÂ,ÃÂÂÂ­{Â¬V7KÂ'ÂÃ£Ã¨Ã=b\>Â¡&rÃ¨ÂdLÂaÃ¬Â-ÂKÃ¥^CÃiuÂÂÃ¡Â¨ÃÂÃÂ¡ÂsÂ³Ã§Ã¾Ã©)sÃ»8ÃÃrÂÃSÃÂ[YÂ¥=mP Ã¨vÂÃÂº}ÂÃÃlÃ¯OÃKÂ¬%*Â°YÂ½zÃ²ÂÂBÃ©Â¼ÂÃÂ¼Â¹ÂNÃ ~+Ã½Ã~1Ã¼20Â¯KÂ¹|Â¶ÂÂSc0zÂ¢Â¯&Ã¤Â°EÂ£tÃ«ÃÂ(?Ã¦~Ã§}Â½hÂYÃ¢U|Ã§iÃÂ±?rÃÂÃwÃ³Â¹Ã°pÃ´Ln>Ã¦Â¹~;Ã¥Ã·Ã.Ã²
164,2Ã8R[uÃ¬ lÃbÂBÂºÃ¡&7`ÂÃÃtÂÃªÂÂ;Ã%[Â¶ÃÂ¹ÂºlÃÃÃÂµz_ÂÂ»Ãº9[?ÃÂ¶ÃÃy|Â¶Ã®Â]ÃÂ,
165,&,
166,"Â¾Â¯ÃÂ¼ÂÂÂ 7Â´uÂ»ÃÃ¢Ã¦Â¾ÂjÃJÂª3NÂ«Â\Ã ~ÃµÃÃ¢GÃÃÃ/Ã3Ã®ÂE>ÂÃ©~<tÂ¦ÃÃ¡Ã¨.ÃÂ®Â¾9.=ÃºÃ´Ã§83ÂÃ®;ÂÃ¦Â¸<bÃAbxÂÂprÃÃ¹ÃÂ¾Ã±_ÂzÂÃ¨pÃ»ve]ÂÂÂÂ¯uÃÃ¡Â¿Âe6GÂE}ÃQÂoÃ³Â_/Â¿-xZÃ²Ti[ÃÃÂÃÃ^Â´#ÂÃZ`6Â¤ÃÂª\udÃ¨ÃÃÂ2ÃcÃ¯Q>Ã©ÃÃ!ÂÂÃ°7Â®Â½{^	gDpÂ¹ÃÂ²ÃÃqOÂ¿ÃÃ­'8!ÂÃÃÂoMaÃDXA0Ã>Ã¥Ã¦3Â§+Ã®Ã`\Ã9{Â§Ã¦WÂ¬ÂÂ¯Ã¢oUÃV+ÃÂ}{ÃÃ¸ÂQÃm>ÃzÃ¼ÃÂ£4FÂSwÃ²ÂÃÃ·hÂ'ÂÂ¹ÂÂt6WÃ¦Â¤Â«bÂ·=Â¾gÃ±ÂÃ8Â¸Di5/Â¬:.Â¾Â¡Â¼Â¶Â""4ÃµWÂ¾aÂ9&qFÃAÃ[ÃAÃÃ;bL>Â¼Â¯pÃ«ÂÂ±Ã®9Ã¹ihÃ»ÃÂKÂ¤Ã«IÂ¼x\ÂÂÃ0ÂvÃµÃ»",
167,"Âµ<Â¡ÂÂ´R4Â­Â¶ÃzÃÂµÂ¿Ã©AÂ¨yÂÂºeÂ¹Â·>`ÂªÃÂ§qÃ¡ÂÃ6Ã«Â«/{|Â¢MÂ´R?AÂ¸pPÃ½uÃ¯ÂcIÃ±GZdWQJ ÃÂbO""Ã¼vÃµÂ¶ÃÃLÃªÂ®z1ÂºÃ¸`Â!Â°Â¯Â«ÃÃÂÂºÃ\)ÂÃz}]<Â¡cEÃwqÂ¸`""TÃ­AÃ7`Ã¯iSÂ¬Ã8Ã¹Â»ÂÂÃÂ[Â´.GlÃ¬P4ÃÂ%ÃxÂÂÂÃ´3ÃÂ¦lÃ¶xÃ¦ÃaÃ¢ÂRnÂ«\ÂµÂ¼(DÂ¦",
168,Ã%TÃyÂ´:Â¼Ã¯Â ZQÂÂ«Ã,
169,Ã<ÂÃ»ÂÃ¸ÃÂ¼Ã³Ã®ÃQÃ¿Ã£ÃÂ.Â·ÂÃ¹Â¡ZUÃ§Ã´ÂÃAMÂÂ½2[ÂºwÃ¢tÂÂ¶3Â¾ÂÂ®x1Sm+Â²q,ÃÂÃ¯ÃÃÂ OÂÂ¼ÂÂ¤*Â®ÃÂ²ctÂÃÂÂ2Ã1ÃÂ0-Ã¶ÃÂ²ÃÂº:ÂÃ¦1Ã¿Â¯ÃÂ;ÂÂ¾T;Ã§Â­Ã°Ã¬ÃÃÃ¢ÃrÂ¥/Ã¶|Ã¿IviSH0Â¶Â°=GÂIÃ±oIÂXÃQU;Â»ÃÂ³Â¦8Ã©Ãc+ÃÃÂ­jÂÃ¥ÃqÃÃÂ´Ã½nÂ°nÂÂÂ0Ã¨Â|XÂ¿&4Ã§Â»~Â8IgÃºÂ¥jÂ	ÃIÃ>ucOÂÂ©aÂ¿ÂÃ­O
170,"ÃÂ=ÂÂlxÂ¥=ÃÃÃ±(ÃSÂ±mÃÂ¼&&3ÂÂaÃ-uX9ÂÂÃ½Â¤ÂÃ§QÃÃ°uWÃÂp1Â©Ã¨;Â""Ã±Ã°rÃ¢",'ÂÂ§Â¬5GÂÃ°Ã»ÃÂgÃÃ¦2^Ã°ÂÃÂªeÃ¡QCÂIÃ¯*Â
171,5Â¶yÂzOÂ¥xtÂÃÃÂÃÂÃnÂ&ÂÂÂÂ½ÃÂÂ½Ã®9_Â¨DJ^Âª+ÃÃÂ¥Ã¸,
172,Â¾0Â·Â½aÂgÂ0HÂ}ÂÂÃ¨Ã¥ÂÃ,4Â¥
173,/Ã·Â¬ÃÂ±*ÂÃ«&rmÂ½R)Â ÂÂVBwÃ]qSÂÂÃÃÂÂ§`fÂ¦SCÃÃ¯ÃQm6Ã¯ÂÃ¹_?~Ã¼Â¸qIÂ¨Ã¸Â¦3]ÃÂ¨}LÂ§Â¾UÂ¥uIX7Â¹1MÂÂÂ¾Â»ÂºÂ8|qÃ­ÃÃLÃ¯ÃÃ/ÂÂ²q<Ã|ÃÃÂxÂ&KÃºÃºAQÂ¶Â¯oÃ½ÂÃ¹<ÃÂ©ÃÃ«Ã§Ã¸Â°Â»Ã'6ÂÂjK4ÃÂºÂW#Âµ,	ÃºtÂJÂÂMÂ¨ÂEÂ½xÂÂÂ¢ÃÂÂjÂ¢jÂ7Ã^qLÃ8ÃÂpXÂ¬WxÃÂ±ÃNvÃÂ£b&(/RÂÃÂ¯ÂÂ¨ÃoÃ¹ÂÃ3Ã0ÂÂ¨ECÃ¤ÂÃºÃzm_JHÃ³Â Â«o%ÂÂÃ¢YÂÂÂBDÂÂ¾`ÃÂfPÂ³)pÂªFDÃ¸ÃiÃµwÂÃ§Ã£xÂMÂ¥Ã¸dÂ¢lÃÂ¬ÃÃ£ÃpÂ¯5|ÂÃ²Â£Â¼	x<ÂÃÃÂ¸ÃÂÃ¹ÃÃÃÃÂ
174,{Â/!ÃµÂÃÃ©Â[ÂÂÂ¬ÃÂ£ÂÂQÂB:,"ÂÂ¸Â¾EÂÂÂ¦:Â CwOÃY""	_AÂcÃ£Â´s=kyÂB=WÃxÂ·NyÃc^ÂÃ&ÂÃ¶CÃÃÂ¦W3-Â´N+ÂÂ­ÂÂ®Ã«bÂÃÂ»ÃÂ^8VÂÂªÃÂ´Â¼Ã¼Â)Ã£Â¹Ã6)dR&Â¡ÂbÃ·Ã´ÃÃ£"
175,Â£4ÃªÂ¦VÃ¤Ã²Ã²Â/Â GyÃ£aÂiaIÃÃ>Ã,".Â§/Â¼Ã¼~Ã¡ÃÃ¨w2ÂÂÃ¯0aÂ¸ÃºZÂ§ÃÃ¡Ãb0K0c(Ã¦Â¬ ÃBÃhÃ¢_7Ã§=ÃÃ¬ÃÂ«Ã²ÃuÃ½w}LÂºÃ£>Ã'uÂ¦Ã·nÃÂ Â0OolÃªÃµÂ³a4ÂÃ""ÂÃºÃ}Â¹ÃÃ[ÂGÃÃ¥Ã¡0<ÃºÃµÂª Ã°ÂÃYÃªÂ¬UyÂ PÂÃÂÃ¥#Â¦5$Ã¹Ã²Â¡zÂ¶1LÂ±ÃÂP[XÃÃÂ£Ã¢Ã¿<*yVÂÂÃºÃÃ¡MÃ¥ÃÂGÃ§>ÂÂEÂ¨uU[ÃuKÂÂ§Â¦G*ÃÃI@Ã²Ã Â¬ÃFQopÂÃªÃDÃ§ÃTzYÂ¸Â®Â¼R3	Ã¤]ÃJfXÃ*^Ã·YÂÂs3ÃÃÃKÂÂÃ¬Â¾Ã>!{Ã¼Ã£ÂÃ»AÃ¯kM~ÂÂ¸<Ã`2ÂÃ©Ã¨eXÂ¯Ã®"
176,ÂYÂ±ZÃ+	YÂ»ÂÃ OUÂ¾dÃÃ¨Ã¸[Ã­Â¿Â¦ÃJÂÂ¼ÃC_Âªzs[ÃHÂ°Â¶Â¹gÃ¨Ã¥	ÂÂ3ÂxFZÂÃ¿mKÃ^fÂÃ¸8Ã½ÂÃ¯Â¡XA2Ã´Â¹`H#L!p=Ã­AÂÂ¼ÂÃ©0ÂÃ¢Ã~5?ÂMÃU1ÃÂ¬UÃ¯Ã5:Â!X#vÂ¦!@AÂVÃÃ[	0:Â«Â½ÃÂ²(ÃÂ7Ãb81Â®0ÂzNÃ°Ã®J| ~qÃ ÂPÂ»ÂµXÂXhÃÂhÂG1esgÂ¹ÂÃ¡^oÂT:ÂÂ±{ÃÃÃ±Â²Â®Ã·Ãg]Ã´Ã¡Â¼Â«ÂÃÂ¨Â Ã¸,ÂÃb-n>.jEdÃÃ£Â´Â¨Ã¸0ÂD3Ãr>Â{jÃÃ£ÃÂÂ¢
177,"Â¯Â¬|ÂÃ°	pÂÂÃ{ApÂ©Ã¡ÂÃ£ÃÃ¹ }/Ã¨Ãª@QÂ¯Â¸>Âº ÂÃ­ÃÃ)Ã8BÃÂ®Â©ÂÂÂ¤uizDÃÂ8 }ÂZ""Ã<tÃIÃ´Â@LPÃ©CuÂ§zÂ Ã1{Â«iÂÂ¦l}Â¢ÂHSÂ¸ÃmÂÂ©Ãº{:Ã¾ÃCÃÂ¾ÃÃrÂ·jÂ©Ã#z' .gÃ¾Â4^JÃ®Â1fhrwoyÂÂ»{Ã¡$Â¦1Q4ÂµÂ¿Ã5Â¯ÃÂ®Ã¢Ã»ÂÂ^Â¨|FÂ½Â¥	XÃªE!&Â©ÂÂ®Ã¶ÃÃ¥RÃvÂÃzÂ¶%""Ãº0Â²tÂ­^YnÂÂTÂ­ÃÂÂÂ»HÂ­Ã};BÃ½Â¡Ã¹ÃÂ´""}ÂÃ·ÃÃ]H",
178,Â³NÂoÂoÃ¢ÂBÃbÂrEÂ¬a!ÃÂ²ÂfÃCÂÂ¾Ã¤a\ÃÂÂi6Â½ÃÃµ;uÂÂ°uÃPg%ÂÃDÃ Â½qT5P2=bLÂ«Ã¢;ÂQ#*=K%Â:Ã6Â¥1'Â=r0v,
179,%ÃÃ°cÂwÂÃÃ¥&~,
180,\ÃªÃ¡ÃµÂÂ·Ã5ÃÂ³KÂÃÃÃ¸+Â¦ÃaÃ#?iOÂ9EÂ¹Ã¬Â«Â¸Ã¶{WJÃ¨ÃÂ¸ÃÂ³MÂ±Ã´Ã§ÃÃ´Ã¢lÂÃ«ÃÂÃ¼ÃÃ¿ÃÃ´Ã¢EÂÂÃµÂ¸ÃµÂªÃÃªÃÂ»Ã¿^Ã¼Y?ÃÂ½Ãª;obÂ£Ã¬Â¿`Ã¼,
181,"6+5Â£Â·ÂºÃµÂ4gÃÂÃÃsÃ¯ÃÂ¸""ÃÃ­}J{&PÃ´Â±ÃÃÂÂÃXÃ;.ÂÂRD{ÃDÂÃtÃ¾DLk<<Â¤Â2ÃÃ§ÂÂ¡Ã§6Ã¨PÃ­3/9?Â¸Ã&Â²Ã:Ã 2Â¥",
182,"JYÂ¹7ÂÂÃ½[ÃÃ·{)Ã¨)Ã¯lo'Â®Ã­ÂÂ§7lÂ¡Â®ÂZÃµoÂ§;ÂÂ£Â5Â¢ÂÃµÂ""Ã¶2HGQÂ¦2Â¨{Â¸7ÂªÂnn$ÂÂÃ¼j*ÃÂ¼ÂÂÃ­BÃ°Ã²ÃÃ¿`ÂÂªÂ^Y=hE^Â¼Ã¸Ã <ZJÃÃ­Â¢:Ã¼Ã«Â§Â¿Â¼Ã½nÂÃ_Â¬Â ÃÂ¢Ã«Ã«Ã²pkÃ¾Â¦Â¥Ã¾ÃÃÃ·Â©ÂÃÂÃ£(UÂÂ¥hÂ¹*wÃ]ÂÂ¬Ã² \#ÃÂ¦ÃÂÃ Â5ÃªÂ·RÂ¢{""Ã´PÂLÃ¤xQM'UÃ°Ã§ÂtrÂªLÂÃ=R0RÃg*Ã®Â¬ÃÃ¡DÃ´ÃÃ¨(",
183,ÃÂ¯q?Â\Ã¨ÂpÃÂÃ°	'ÃMÂ¹[Â£ÂÂ§ÃÂR|ÂHJÃ]ÃÂ(ÂÃ¡Ã¥Ã¢OV,
184,ÂxÃÂ¡ÃÂÂ·rcÃÃÃ§r@Â/8Â£ÂµÃcÂqÃ´Ã\Â»Â¢ÃpIÂ­Ã¶&1EÃ ÃÂS9ZÂÂÃ±nÂ±Â¥ÂVÂª6	Ãw>ÂnÂeÂÂpÃÃ­Ã·OÂÂ¥ÃÃÃ¢MÃÃªÂ vd2,
185,"ÃªÂ°?Â­apÃ¶L{Ã³ÃRn#=CÂ·/Â¢!Â±ÃyÃÃ­Âb(ÂªIÂµUÃXÂrBÂ¹ÃÂÃÃ±ÃBÃ[Ã`}ÃÂÂ®FÃÃ¼Ã¦Â^CÃ£Ã­7*""Ãª;ÃÂ Ã¼nÃÃÃ½ÃÃ1Ã`zÃ Â¢ÂÃÂÃµÂG{BÂÃ¾Â»ÂÃ±Â²Ã©ÃÃ·hÂ¿$Ã¯Ã½Ã6eYÂ?+TÂ±Â·hÂ¿Ã§_!Â²e""Â·AÃ¨",ÃÃe
186,Â¸Â¥Â¥KÃ;iÃ¹>iÃG$gsÂÂ¾ÃÃ®oÃ¿HÂ«D&Â·(kÃÃÃ©Ã·ÃÂÃÂ¿YzGÃ£Â¡ÂÃÂÂÂÃ¶K,
187,Ã¼Â¿>/R_?SÃ­Â£Ãe*Ã´Ã¶Ã£H*ÃÂ¨Ã¥UÂ¥ÃBÃ¦\Ã»nÃ£ÂDÂR*ÃGÂVÂÃ¢hÃkBÃÂ,
188,ÂÂÂ+Â¬Ã´Ã6Ã¸ÂÃÃ¸|ÃÃ¶Â¬Ã³ÃÃÂ¬Â©S@@;aÂNÂ²Â»Ã\,
189,Ã¯zFÂµÂOcÂÂ¿kÃ½Â±69Â£FÂÂpKBÂ9Ã¬xÂÂ¿ÃBÂ¥,
190,"HÂ´juÃoÃ¬SÃ¶Ã»ÂAÃ¥_ÂoÂ¿eÂªÂÃºÃ®Â¸""EÂ¡<Ã¼ÃTÂPÃ0ÃÂ¸ÂÂÂ½&$X<Ã{0Ã¸+IIpÃÂªÂFÂÂ»IÂ«Ã¹yÂ¸!Â®(<=Â¯qÃÂ°ÃÂÃÃÃµÂÃÃ¿tÃ´ÃÂ²ÃÃ¹ÃÃÂÃÂÃ¹Ãª8hKÂ	Â¹%ZD`Ã`Ã¬Ã«Ã|Â¿ÃÃ­Ã»Ãº(EXÃ²hÂ±Ã Ã¨Â§WÃÃ",
191,HÃ¤Â¹ÃÂ>ÂÂÂÂ¯Â²yÂªÃ¬Ã¹Â±ÃÃ¯OÃlÂ»[Ã¤?ZÂ²ykÃÂUÃ8 > Ã¬K@=Ã¨Â©Ã@ÂÃgÃa2WÃ²Â¸Ã¹ÃÂ³Ã·ÃÃ§Âª%mÂ½wymÃ^ÂÂÃJa`XÂAÃÃ°, Â5)OÃÃ1
192,=DCÂ­,
193,Ã®ÂÃ¹~ÂÃµÂ,
194,Ã°ÃÂÂÃ²ÂÃÃÃ/Ã*Â©ÂÂ§ÂNÃÃ©31Ã±Â­Â³ÂÂ¦A<xÂ¡AfÃtJÃzÂ6Ã`Ã¥ÃÃÂÃ²`ÂºÃÂÃµÃÃÃ¤ÂZÂÃ¦Ã½ÂÂ¸juÂ¸p ÂgÂ³Ã¢Â q4ÃÂÂ¨ÂÃÂªÃÃ B|hÃÃÃ²ÂÂ	ÂÂ¯Â¦OHUZ`ÃÂ«Â¿4ÂÃ¨Ã!H,Â³*Ã`ÂtÃ§YÂ¦ÃÃbÂrÂ³mÂÂÃÂ¾Ã»ÃÂÂÃ:ÂÂdÂ{Â¨&=Â«ÃÃI5ÂH0}Â®W>ÂºÂVÃ«ÂLfÃ½`Ã+{Â°^wfÂ·ÃÃ±Ã¿ÂÂ9'ÃÂ¯2jÃÃ¢>~(ÂbÃ©TuÂ5ufÃ¼ÂÃ¼Â·Â³ÂÂ®Âi_?!pÃÂÃ­ÂuÃ¦iÃÂb[hÃ¨Ãµ !5
195,NÂ}Ã©FÃzÃÃ³%Ã¡9q$x.EÃÃÃÂÃ´b?ÃªÂ£Ã¢Â´qÂ¨Â­W94Ã¦ÂÂ½ÃSBÂÂ¤(obÃ²Â|TiÃÂÂ|Â«#NvZl;Â§YÃ¯(Â¹,
196,Ã¢Â¡ÂÃÃ´Ã¤Ã ÃÃ2lÂ¦Ã'qBÂÃ¢Â±xÃ¤#dgXWzÂ7Ã,
197,ÂÂÂÃÂ©NÂÃ,
198,";@ÂÃ¥+IÂ«')Ã¤ÃÃºÃÃÃÂÂ¨Â¢/rÃo2XÃÃ³Ã}hK-0pPÂt\Â""k",
199,@Ã·ÃÃ&VÂ$ÃÂÃ,
200,"Ã@2jÃ¯ÃÃµT$Â©Ã½Ã¶Â¡Ã59ÃÂ©Ã¾Ã¸CÃ ÂÃXÂhÃ¸Ã_Â|ÃÃÃ²vxsÂ»4ÂÃ¡Â·ÃÂPÂÂÂÂ¬Ã³]6ÃÂÂÂºa|Â¾{!SÃ·ÃL""llÂ<ÃÂ¾yNÃºÂÃ«ÂÃ´ÂÂÂ!Â§Â©AÂ¼BÃÂ Ã¤Â¿6ÂÂ®ÂÃIÂSÂmÃObÃ¦57Ãi[Ã¦Â#ÂÃÃrHÃ¼?SÂÃ  Ã$ecÃ¯ÂÃ¨OÃ-ÂnXÃ®ÂNÂ£ÃxÃ Ã´Ã",
201,oÂ¹_ÂfH\ÃPÂ¸Ã¹gÃ·ÂªÃ¼PÂÃÃ,ÂBwÂ¢ÂÃ²Â§'Â¨Â­{ÃÃÂ@Ã­0eWÃ½35ÃVÂ^Ã9
202,ÂÂÃ¡Ã}Ã½ÂÂ­+Ã¸jÂÃÂ´ÂÃ}VÂ¦Ã¶ÂµÃ¨=XÃT?tÃ¥ÃF13Ã­Ã©Ã¥?Ã¦z[,
203,Ã®	ÃºuÂ¦WÂ¿KÂ¥[KUÂªÂ¹+aoÃÂ¥szZÂ¢kVÃ«ÃÂ³ÂÂ¸Â¡6ÂÂÃAMÂ(6MÃ³6C[Ã·;ÃNÃ¸aÂµ.nÃ°ÂÂ¼B3Ã.ÃÂ¡Â,
204,3<SÂ·aÂÂÃ¸Â!,
205,xÂ¼Ã±0ÃÂÃ»Â¯Â¶{Âª-1Ã]sNn]3 $Ã±2Ã²&56ÂsÂ¬Ã-X,ÂpÂÂÃÃ³ÂÂA-ÂÃÃ²dÂÃ]IqÂÂ±ÃWÃ£Â¿$Â»jÃ¡ÂÃ¼_Ã·Ã'5ÂeÂµÂ¬Â¶Ã¤YJÂ´ÃÂÂ©Â¾UÃµ3Gn@Ã¬cÂ¡Ã·bHÂQ!SÃ¶ÂÂ£;ÂowÃ_>~Ã¼ÃuÂ ÂÃ´fÃÂ±'!Ã¹PbFÃ¹Ã£ÂÂ·J)6_ÂÃ­ÂÂ¸V
206,"Ã±iÂµÃ®ÃÂ¨Â©Â¹uÃ09oÂÂ'8nÂ¤ÂªÂ¹/Â Ã§ÃÃ~ÂDgZÃ4Ã²QÃÃÂ¹Ã¶T<SÂ³Ã¸Â³Ãº<Â°Ã¸Ã Â¨tÂ«zÃ½Ã¨[|ÃªÃÃ±ÂÃ¬mÃÂÃ·ÂºÃºÂ¸nÂ®ObKÂ""Ã³ÂÂÃÂ¼ÂÃ¥Â¿Â¼gÃÂÂ1Â¿Ã3|ÂÂ¸Ã¯Ã7`Â¿Â½ÂÃÃ[Ã¬Â¬7Ã<mSÃÃ4Â¦ÂÂÂ°Â§YÃUl$Ã9TÃÃÂX	ÃÂ½nÃ}Â·ÃVÂ¿kVÃ¢ÃÃ«ÃÃÃGNÂuÃ¸}AJÂª)CÃ¼]Â¨ÂÃ 1aÂÂ*MÃºÃ·wÂ ÂÃ¶ÃcÂ4xÂ·\Ã»wKÂuÃ8ÂÃÂÂÃ½ÃÃÂAÂÃ Â»luÃ¶Ã¦ÂÂ±]ÃÃÃ±	Ã ÂÂÃÃYoÂÂÃ²ÃªÂ±ÃÂÃªKÃ­w_6]&wkÃ»Ã;ÃÂ¡ÂÂÃ·UVoÂ¼jÃ¾(Ã°Ã¯\ÃqÃ¦x\Ã±Â¤Â¯nZÃÂÂ±^NÃ®RÃÂ»ZÃ±ÃÃHÃ«ÂÂº9aAHÂÂÃÂtÃ­2ÂlÃÂ³!|Â­Ã¡ÃÃ¤Â¦Â»EjdÂªdZÂ¨{Q|ÃÃ©Â»""ÃºÃe\ÃÃ¨Â©Ã±LÃ¿^!Â·(Ã£+Â­Ã»Â¸Ã¡1KÂÂÂÃÂZÂDÂRRÂX6<ÂµxLÂ ÂÂ£ÂjÂ¹#ÃRÂAlÃ¬eÃÂ TÃ_Â¢!5Â;ÃÃ¶ÃÃ%Â¬VÃ·ÂqÂ³Â¼ÃÃGÃÃ§GÃ$<ÃÃ¦dÂ¾ÃQÂ´ÃqÂ±ÃÃÂ",Â|ÂÃRsÂÃ¶Â¦Ã±lÂ¦Â­Ã«fÂÂÃÂ¤Â.mÃÂÃÃ°Â®@Lm?Ã5ZÂ­mÃ
207,"Â¡ÃlSÂÂNÂ%7-}ÂÃ¡Â´GldÃ¨ÃÃ¾""ÃDÂ­ÃÃÂÃ¯Â¶j(A[3]ÃÂOHÃ¡ÃÃ¹ÃÃ°jÂQÂ OiÃ¦1ÂfÃ°Â'ÂÃ ÂoÂ¬%Ã»jdÂÃ±DÃ¡ÂÃ«ÂÃ]Ã Ã²ÃÂÂ§ÂÂÂxysÃÃÂ²uÃ²Â¾Ã«ÂÃaÃÂz9jwN(|Ã/ÃÃµ",Ã±ÂÃÃÃÃÂ¥ÂÂ¨Â¶s=Â¹ÃÂ&Â©ÃÃ®Ã¯Â´ÃÃ·$6l0:Ã=Ã·dÃ«}HÂ©ÃÃÃ'{ÃÂªÂ«ÃÃÃµÂÂ©Â¹0&ÂJÃÃ¤Ã
208,O>_Ã2&Ã­Â¥pÂÂÂ7ÂÂvÃ«ÂÂ%rÂÃ»Ã[ÂÂÂº\Â/ÂHÃWÂÃµ{Ã¥ÂÂº-Â`Wn,
209,5Â»Ã'ÃÃ¼-Ã»ÃÂÂ¨aÂÃÂ¶Ã¸Ã¨Â¡ÂÂ»HnÂÂ¹ÃÃXÂJbÂªx8ZÂÃ»<CÂ¶nÃÂ@g*Â,
210,zÂÃÂ^ÃÂÃÃ¯uÂµÂSMÂ·ELzÂ¤ÂÃl=Â)ÃºÂ¡|5;GH0Â¿ÃÂ§Â¢ÂÃº+Ã¥'ÂµÂ¹Â¶[ÂºÃÃ¿.ÂÂ¤,
211,]Ã!$oM*pÃÃ¬Â±Ã-ÃµÃÃYÃ¿Â~ÂÃ©ÂÂ0JÂ ÂtÂ¾-kÂÂÃlÃ¥#ÃinaÃÂÂÂyÃªv\Ã±Ã¡Â¦UÂÂ½PvZÂ¥ÂÃ	ÃÃBÃÃ¥ÃÃÃKÃ0Ã¡ÃÂÃÂ«Ã.RbFÂÃ=~ÃÃ¹}ÃµNÂ¤ÂÂ¸Ã0Â¹h]VÂ£Ã¶Ã¹ÃsÃÂÃ®7vQÃÃ­`2Ã0Ã¸/Â,"ÂºbÃÂ®>Ã*X5Ã·Ã~o.ÂÃ4Â°Z$\kAÃ«I?NÃÃÃ¦BÃ`ÃÃªÂ\HQÃ¤CcWÂµIÂ¦Ã½ÃÂ¨ÂºÂJ7{|Ã¡TÂdRÃrÃ<fÃ3Â *Â¹Â¶y!ÃÂu9`Ã°~@$Â¸Ã¢{: *Â¿ÂºÃ§gÃÂWIÃÂ­Â¨fÃ%EÃÃ¬myÃÃ©Â¾ÂªUÃµ"""
212,"ÃµÂÃ¹ÂªgÃ¦Ã¢Ãa:c{^t'ÃÃÂ¸Â¸FÂ8Ã*Ã¥""Ãª\ÃÃ·ÂÃªcÃHDÂ²<Â¤>Ã}Â¥&*I)Â¡Ã½LÃ½Ã¬!uÂ«ÃÂ¢ÃÂ»&ÃÃ¬O&c5Ã¥=ÃÂÂ$Ã¥R",
213,Ã¾goÃ¨>`@1.*ÂÃ8$ÂÃ¥ÂÃ¦,
214,Ã®YpÂ©Â¦Ã|!+(ÂÃ¢Â¹,
215,Â©Â¡Ã³Â´Â£g.ÃÃ·Â¿Â³LÃ 2IuÂ¿ÂÃ¶#ÂÃµnuÃ³ÃÂÂºÃ),
216,'ÃºMÃ¯ÂdÂ¶Ã@2(Ã»%ÂgÂMPÂ«ÂÂ¯Â²8Ã?WO.ÂÃ£Ã	ÃµiÃ®Ã¾ÃlhÂÂ­lÃ¶nÃHÂ»Ã.ÂXcÃ®AÂ¶z4Ã¨Â±:QÃÂÂ±Ã=VÃNn,
217,ÃÃ5S Â =ÃÃ±bdUÃÂJJn?ÂÃÃyÂ.&Â¡$Â,
218,"=1?Â¹CÃ`-ÂÃÃ«ÂÃ`Ãw""RxÃ«}w{dÃ¬YÂ¶Â«Â«ÃWLÃÂM-ÃÃh#ÂÃ5Ã%ÂÂÃ¨Â¢Â¹Â£ÂaÃ¨/|Ã$zÃ¶8ÃÂ¯Âp2VÃÃ°Â¨~8>cnÃÃ¸Â®CÂ¨Â®hÂÃ®Ã+fÂ¼MÂÂÃ±ÂÂÂÂÃ¡;Ã(zÂ¦n6JÃ²ÃtSÂÃªe'tÃ ÂÂ»_Ã¸9ÃºÂpuÂ ÃÃÃ²ÂÃ»Â¯Ã«Ã ÃªFÂ·ÂÃÃÃ¨Â¾ÃÂ¶#3Ã",
219,Ã©Â£ÂÂÃ^	Ãy]ÂFÂ£Ã-#dÂ+ÂcS5!Ã©Â¼Â¯*Ã®ÂµxÂ¦Â¿ÃÂÃÂ¯Â3Â©JÃÂLÃªÂÃÂ©ÃÂªE/Ã¥ÃÃÂ):8Ã¯)HÂ­ZlQ'Â´ÃÂÂNÂ²%{Â¤ÂÃ¢Ãµ,>ÂÂ§s)iÃÃ»HpÃ³Â¬&N.Ã¹ Â°Â¾aÂ§5OÃÂ»EmÂÂ­ÃÂÂ7Âbn'ÂÂ¡Ã«Ã¥Â55WÂ¨_Â©Â°Ã°Â¸\Ã£ÂÃÃÂ§ÃÂÃ
220,i=tÃ¥)6|ÂµÃ£;Ã¸kUÂ´ÂBOÃ½xÂÃ·oyLÂÂ\ÃDOÂ(Ã£Uv_{Ã®Â«80Ã¾Ã·*`*ÂÂ~Ã¥Â¨,
221,ÂPMV2Ã*ÂÃjW,
222,Ã³,Â%Â«OÃÂ¸~tÃ¬Y6ÃZÂ²ZÂÂ¥Ã«1pd\-Â­zYÂ¯IÂ2	Â2$@>Â¸Ã²Â½Â=ÃuUÂ·Â­ÂÂÂ¨Ã½TÃÃY6Â{<ÂÂ
223,"u~Â3ÃÂ«:Ã£BpÂ´Ã[Ã;OÂ·/p5Â¦NÂ»ÃÂ¹ÃÃiÃ·KÃs{Â?ÃÃÃÂ£ÂÃew<Â«LÃÃ±<Ã¿OÃ£ÂÃ/%?ÃÂ¿ÂÃÂM~Ã´ÂÃ $2Â«Ã·Â3RÃÂÂ´<Ã{ÃÃ¹I0ÃÂIqÃÂµeÃ¨Â¥{V+Â¼Ã¥Â¬dÂªÃÂ²nÂU#ÃÃ¸Ã¶""MÃ'Â¡ÃºÃÂÂªmÂ±ÂÃÃmÃ±Â´ÃfÃ¤Â¦ÂÂµÂ´Â7ÂÃª;ÂªÃ¯xÃ%Ã¹Â¬ÃªÃ®Â¥Ã'rÂÂÂÂ\P[)dÃÂ´Â®P#ÃikX>Â®lÃºDO/Ã¤Ã­Ã}Â$ÃÂFÂ¦CÂ¹{Ã¸ÃiÂ¿Â±=knÂ·]Ã©UÂ¾",
224,Â·Â (Â«UMXÃÃ¢Ã¸Ã BÃ²Ã 5Ã¡WÃº!Ã|Â¼6Ã½Ã¥Â£!Â¯'XLTÂvÃ¢Â·Â¿X*;Ã?ÃÃÃn1Ã¸ÂVÂ¨IÂ.ÂÂ¯Â¡Âjn|aF!vÂÃ£ÂÂÃ±ÂBÃ¬8(Â¿Â½)Â¾ÂÃ,
225,Â+M,
226,ÃÃ>ÂOÃÂf,
227,"Âµ@+Ã¬Ã~ÃQÂÃÂGÃ´Ã½`Ã¼ÂÂ»lqÃÂÃ;~ÂHG.CÂ½Â£ÂÃ7Ã§IÃµÃ°Ã±SJcÂXÂ¢ÃÃÃ±Ã·Ã£ÂsÂ¥ÂÃÃbÃ¿ÃÃ""kÂÂ7""Â²=Â´Ã´ÃÃ¤ÂÂ®E<Â³iÂÂyÂ¥I(.ÂÂÃ¹ÃÃ^ÃÂ§VÂÂ	Ã¹ÂÃÃ³Ã*Ã¼Ã;Ã·yHNIÂ®lÂ	OÃ¸Â«DeIÂ5wÃzXÂÃ¶Â¬nÂÃÂÃ©Â¢WÃ»Ã½Â¥gÂDÃÃ¹ÂgÃ+ÂÂiÃ¼ÂÃ¾Ã~\rÃÃ¾u<#Â¿hÃ²Â¤Ã¸Â²oÂÃqÂ±Ã±Ã¸ÂR:IJ^?ÂÃ²Ã°!uÃÂ©ÂC)5_jÂÃÃ¤Â¯]=ÃvÃ^UIÃÃqÃÃ«ZÃºÂÃ·Â·D$ÃÂjÂhÂ ÂÂ¶Â¼ÂÃ&ÃÂ©<Â§Â½ÃÃ4ÂvÂÂ±1)7Ã;]2Ã¥Pe!Ã´Â¬8R9#ÃÂ°Â£lÂ+Â©Ã¤7",
228,Â\Ã»Ã¤Ã¡\PÃÃ?dÂªÂ«Ã«7Ã7IV?Ã%1ÃsSÂ¸ÂN[Ã¯ÂÃÂÂ¥Ã±ÂÃ¹Ã¿,
229,ÃÃ¢ÂÃÃÃ·Â±8@WD^+ÂWnÂ,
230,5Uq='Â~Â±GÃ²ÃÃ¾Ã¾Â¦Â¿{3Âµ9ÂÂ¡1Â4.ÂµÃsbÂ¨MkÂz.ÂÃjÃÃMÂP0+qÂhuCÃªÂ­ 9ÂÂ/Ãµ[</5ÃÃZÂÃÂ¿ Â¢Ã¡ÂÃ½ÂÂ±HÂÃ­ÂÂWRÂ¾ÃIÂ½+Â·gÂ°!JÂÂ rÂ«ÂµÃÃNÂsÂ¾Ã²R<DÂ­1ÃÃÂÂÂ¾Ã¾5&ÂÂ¶d/!DÂyÃ¹,
231,sÃ#Â¨ÂÂµyÂ¹*Â·Ã·Â-Ã§Â ZÃ|,
232,D+ÂÂ«?nÂ¾rjÃ§ÃÂGÂÃNÂ¡Ã&,
233,1Â»oÂ¶Ã®9'RÂÃÂBÂ¿Â¢ÃÃ=FÂÃ¤U8ÂÂyB,
234,ÂµÂ¥Â½Â¶ÃÃfÂÃ=Ã?Ã,
235,">Ã¹x9Â}GÃ¾nÃ¥kNÃÃ*q=-ÂsÂ¢Ã<{Â<Â£ÂÃÃ²pLÃ¥IÃ¼Jy Â±ÂÂ$-RÂÃÂÃ¢ÂªÂ""d:h:Â£Â¹Ã&ÃÂÃ°ÃZPÃÂTjBqCÃ ÂÂSÂ¬ÃÃ°tÂ¶Ã7cÃ§JÂÃ³ÃÂ©ÃÃÂÂiZ0ÂNFÂÂ¾ÂSÃ¸6Â¡NÃ°[Ã¶ÂÂtÂ°ÂªÃ¾ ÂaÂ½	ÃÃÃgÃ#LÂÃWÂÂ·MEÂ·f;VCÂ©ÂÂvÃÂÃÂ+KUÂÃ­9Â¥ÃÃÃUÃ#?""	]v^gÃs^ÃVÃ±ÃiÃ±(ÃÃ­wTÃÃÂÂ¸QÂ²Ãº",
236,8Ã¢FÃ Ã¸ÂµÃ²(*cÃºÂ|vÂ¼Â¦Â¨lÂo7OÂ½Â«ÂJMÂ¯IÃ¾{FÃzÂ®Â7ÂÂ?Ã·t|ÃÂÃ§+jÂÃÃÂuÃ¨ÃÂ¾ÃÃ¿ÃÂÂÃJLSr]8#Ã§D[R_ÃÃ&ÂÃÃV#ÂiÂ¹ZÂÃÃªÂ/TJSÃyNÃºÂu}ÃÃºÂ­Ã ÃÃ¤ÃÃÃ5m|\ÃuÂ¥rYKÂÂ,Ã·ÂÂ¦Â½Â­ÃÂ»Ã¶uX:ÂÂ½ÃÂoÂÂ¦Â·ZÂÂªIÃÃ»Â³Ã¶ÃLÃ±}ÂoÃÃ¯Ã<~Ã«ÂQÃyÃ´Ã§_5m
237,Ã¾Ã¼k[Ã¶Â¢qÂÂlaÂ²{4Ã¯Ã3TÂ°iyÃ±nÃVÃÂ¦ÃÂ¥y@ÃÃ¤Â2Ã²[pÂ·ÃÃ¢-ÃÂªÂaDc#ÃÃ{bÃ(ÂÂZÃÂÃPtÂÂ<pÃ¥Ã±ÂÃw{:ÃÃ¾Ã®Ã©=~nk,
238,Â¤ÂÃ¯Â¾@b}(*ÃbÂ°ÃÂÂ<EEÃÂ¿ÂÂ§ÃÂ«Â»B,Ã FÂµÂÂ>Â¸-Ã°NÂwW15Â0Â¯?RzÂ­OÃtÃ½ÃÂÂ¾7ÂkÃ¬ÂÃ¨ÂnÃ«ÂÂÂ°rÃÂ±3wÂÂÃ jÂ¢kÃ©{c9>=ÂÂÂ¦FÃ¿Âi'%ÂGZ18bMÃP)Ã­Ã³DÃ¥RÂÂ)IvÂ­ÂÃÃ
239,FÃÂiÂ±B!ÃÃÂ{ÂÂ³eÂÂÃ­Ã Â¹hsÃoÂNxÃÃ·v$EÃ¥$BÃzÃoÃ·ÂÃ¶Ã±ÃªÂ\M\QÂÂ¤Â·Â¸/,ÃÃnjÃ±ÃÃ£e`Â©k~
240,"W""Â¤DÃ¾ÂCÂ¢61Â",
241,IRÃÃ¼Ã°x/ÃÃ	ÂÃÂ¨ÃÃ¦Â¹Ã4Â¥+CÃÂ>SÃ©Â¤XÂ»ÃKÂ»Â°GNA+Ã°Â¦Â¿Ã¥5!Â½$mÃIn1Â$ mÂ°Â©~Â,
242,i2CÂWÂÃ~Ã¥ÃÂ¼QÂ£DDOÂ$ ÃUÃ©X!ÃpÃÃÂºÃ´TÂY&ÂÃ\sÂÃ»Ã±Ã£dnÂ«Ã=ÂÃOÃÃ,
243,Ã§sÃjdÂ¥Ã«,
244,ÃX,4!Â³ÃSÃÃ§ÃeÃ³>Â¿Â 7vÂ¸;9Ã¾Â·(Ã§Ã¶xÂÂ¡2<fnÂÂÃÃ°Ã©3Ã¹ÂÂ¶ÃÂeE	(ÃÂ©ÂzÃ
245,Â¤ÂmÃ¶AÂÂÂ-Ã·Â;VÃ¨3Â¢RyÂ-Â¥Ã¤Â®jocJÃ®*Ã®ÃÂlÂ¥Ã¼Â¹ÃÂ²BÂÃ@;Â&Â WhÃµÂ³Â«,
246,Ã°ÃºÂ£!Ã¸Ã¶Â³SÂÃª|Â¨ÂÂÂÂÃ·oÃ«Â¨}ÃÃ²Ã6UÃªÂÂ½Â`Ã¯ÃuuÂ£SÂ·ÂÃJ:Ã¨ÂQB,
247,"Ã£o9ÂRÃD<sÂ½9Ã¢Â¡Ã±IÃaÂÃ)E/7wÃÃ£9""ll-ÂsÂ¥Ã«Ã¡kÂÃ?Â«",
248,Ãx^Ã¸,
249,"ÂÂ­Ã£ÂDÃµÂ±Ã¤ÃTÂ«ÂµÂÃ«Â¿Ã¶Ã«IÂÂÂ¶6Â¤Ã¿ÂÃ²Â³ÂÂ²ÂÃ¯(Ã:ÂµmJ""Â¡",
250,i^Ã³\Â½HM/Â¾2ÂÃÂ®xÃÃLÃ|RÃÃ^Ã´ÃBÂ«_m%|DÂ¾Â£ÂÂ­ÃZÂ£Ã<Â]Â³=Ã¡ÂJÃÂ«Ã¶MÂ¢ÃÃÃFfÃ«NÂ=%bÂµÂt5Ã¹ojWÂ¤Â©ÂZ}Â¤Â©ÃÂªÂ¢Ã±K(ÃÂ°eÃ³/*ÂÂ­qÃ®)lÃ¢ÂÃº$sÂÂÃºYXÂÂÂ©,"KÂªÂ£ÃlÃ>ÂirIÃ¸H-gS#xtÂ¾ SÂ`Ã²+ÃÂÃ;[R\ÂÂÃ´""Ã­Â"
251,}ÃÃ¤Â¯YÃÂÂ¤Â%Â¬ÃµÂÂ²ÃÃÂ´YÂ®ÂGÂÃ%Ã²{8ÂÃ¤ÃÃ9ÃÃ´Âº7TÂ|qÂ ÂÃ'ÂÃÂÂ'*Â«Ã±ÃÃ°ÂÂ¶Ã0ÂMÂÂÂÃÂÃ­ÂwÃ_ÂL,
252,/hÃi8^ÂÂ2$L:ÂÂXÃ»2ÂÃ¿,
253,ÃÂIÃ¡mSYÂÂÃÂ´ÃÂÃ¦Â8ÂÃ¨a`Ã|ÃÃb[gNÃqÃ©'ÃYÃ®Ã¾ÂÂsqÂNLÂ¾Â=ÂÃµÂ´Â·3ÂÃF\MÃÂ²Ã¼*vÂ³Â'fÂ¹ÃÂnPwÃÂÃÃÂWÂ¼Â¹ÂÂÃ¤ÂUIÂ¾Ã¯ÂÃ#ÂÃ¦ÂNÃ lÃ§Âª~Âo#B<Â¿.Â¾Â¢OÃÃÃ¬Ãº,Â±mÂ°
254,mcÂªÃºÃÃN*sRÃyDÃ0Â$;ÃFÃ­5Ã¦Ã²$ÃÃ¾nÂÂ;Â¢;Z|Â¹Ã®ÂnÃS+ÂÂ¯!AÃ¶Â®jÃ5tÂÃ£5*ÂÃ¯Ã¾ÃÂ­ÂªÃ¦ÂÃÃ¤L=Â³ÂÃ·ÂÃ§ÂÂ¡Â®ÂÃÂ¹Ã+Ã°ÂÃ«+BÂÂ©}Â¢ÂÃ½4lÂÂÂÃÃªÂ²ÃÃ³i8Â®Â`UF:Â§ÂÂ«Ã¢IÂ¢Ã½Ã5 ÂSi*Â£Â¦vÃºÃÂÃh6wÃCÃÂ¨Ã¨yÃ¼Âµ(Â%Ã´ÃÂ°5ÃÃ¦ÃÃÂ5Ã Ã³TÃÃÃ·rÂÃ¡oWÂ¤uÃ;Â.Ã®Â³Ã)n\kÃª}Ã$n3ÂGÂ¤ÃÃJÂ¤&Ã¾l3.Ãx4ÂÃ§gÃ©Â¤Ã¹X UhÂ´ÃvDÃ¿Ã¼u>ÂÂÃsÃ­`Ã¤Ã¼Q|Â¬ÃÂ§ÃÃ®Â¨Â¨Â¤ZÃ¨UowHÂÂ,ÂÂÃÂ¦~8w(SÃ£Ã(Ã¿'Ã¯HqCÂÂÃf
255,"5Ã·Ã¼jB""ÂÂ®fÂ=Â­Â¥ÃÂÃÃu5%Ã_Â^Â²'ÃªÃÂ1KSÂÂ²7ÂÂ¿Ã¤ÃÃ`Â¡nhÃzÂbPaÂ¨ÂBhÂhÃ»Â·Â«Â¤IÂ>ÂZÃÃ¶",oÂÃ¥Ã½ÃÂÂ{ÂDÃvANyÂuJgÂÂÃ¼kqÂvÂ¥ÃÃUÂÂ¦Rl$oÃ¾eÃÃ¶ÃÂ#ÃÂ¯ÂºUMOÂº
256,pÂÃ°CÂLÃÃsÃªdÃ«g5Ã£Ã¦jgÃÃÂ¤ÃÃÃÃÃºÃ¶Ã_b-ÂxÂ¢ÂO-Ã©Â=-ÃÃ²)eÂ½Ã´Â²eÃWÂÃ½Ã;*ÂÂÃÂ3Ã¥Â£vSÂVÃÃ·H4ÃÂÃ§Â´COÂºÃºÃ¢hÃ4Â«nÃ¹ÂqyÃ§ÃvÂÃÃ¢7Ã°*wÃÂÂª!Ã³w	ÃÃ¶\,
257,uÃµÃ =sÃÂ³ÂÃÂ®Ã¬ÃDÃÂ³Ãº?ÃÃÂzÂ»ÃÂ·Ã=@ÃÃ¾,9Â£GÂºÃ>9ÃFÃ¯ÃhÂ¼ÂÂ»}OÃ¥ÂºÃkzÃ¿Â²Â©Ã½ÃÃM*^ÃvÃ·^ÃÃÃ=ÂÂC=Ã¯~Q;Â´Â«(Â¾p_Â­Â¿VÂ/MÂ¯
258,ÃÂ£TÂÃÃÃ=%G$MÂ¥~8ÂTÂ¢ÃaÂÂÃÃÃ¼zÃ¿D:Â°LTXÃ[?	ÃÃ yhÂª%ÂWÃµsÂ°,
259,ÂdÃ +Ã­1ÂÂ¸ÂÂ¤ÂÃ­\Ãyk,
260,ÃySÃ_ÃpÃÂ¬Ã&I<ÂÃ«hÃYÃÃ©IÂ:Â£MÃCÃ?Ã¼ÂÂ£NYHÂ­9ÂEÂ¥=ÃÃ*zÂÃ¤Ã³Â¾Ã²ÃÂ©Ã:Â©Â«Ã²wÃ¿Â3'Ã§ÂNÂ´ÃÃ»#ÃÂ9ÃÂ¤Ã®tÃ¨joÃÂÃ³Â@Ã·Â£Â-ÃXÃ{Â»Ã¦ hÂ|ÂÃ½,
261,|Âj-ÃEÂ¿^Â'ÃÃfÃ½Ã®[Â®9ÂgÂ¼uÂ®Ã6ÂÂ½ÃcÂ¢NÃo4Ã¢oÂ¾Ã¢vDU:ÂiÃ¡Â¥ÂÂ¨VÂ*ÃÂ*Â¾se,
262,_)!k_ÃiÂ¼Â°KOÃ±|*{Ã®gÃ¨uhÃÂµÃ1Ã·ÂÂ¹ÃÂUÂÂªÂ~ND	ÃÂ2fx|ÂÃ£|ÃÂ 6ÂÂ²ÃÂu|Â;Ã^Â Â£Â¶nÃ©ÃÃ7,
263,Â£Â½Ã±ÃÃÂ§ÂÃyÃº=_|z'8Â¾ ÂBÃ¶F`A|Q,
264,ÃÂ¿Ã¦}Â¨Â ÂÂÂÂF!/ÂÃÂ¥}Â,
265,Ã§ÃÃ¼Â²FÃ¸ÃaÂ¸ÂÃ·Â±WÂh(Â­ÂR)Ã©Ã£ÃÂÃ!xÃqÃ¸Ã¶Ã Ã¯%o8ÃÃ®ÂR?Ã¦ÂAÂ1fÃbÂÂµÂ®xÃÃÃ°]Â8Â~ÃÃ4ÃÂ0,
266,Â¹k,Â´t5Ã|Ã«Ã§Â Ã<Ã´8OÂ·Â­a6Ã ZJÃÃÂºÃ±ÂÂ°ÂÃvQÂ­ÂÃÂk8Ã7Â¾+[ÂTÃcAf0vHÂ²Â»c\ÃUÃ¤Ã ÂWR$PmjÂµÂ¹Â¹')ÃÂ¹
267,"ÂqÂ8Â­^ÂÂÂ±ÃÂÃoRÂ§ROÃ<Â­Â¬ÂÂJAT{ÃZÃ»xÂVÂ§ÂÂ­Ã·^ÃTÂ¯WnRÃ§Â²Â¸Ãa%TÂ¡ÂM}u q~Ã¤3	ÃºÃGÂ±(Â§S=Ã®eÂ±ÃÂ ÃÃÂ¼uOÂ¾Â½$Ã-Ã5Ã¸Ã+y-|ÃÂ¥Â£""Â¨%-/	&oyKÂÂ}Â¾ÂÂÂÂ¥ÃDÃÃ¢Â¿Â¶-LÂÂ¥hÂZH;.rÂ¶ÃÂÂ½cg3iÃ_Â§Ã±Ã¡1ÃÃ¯xÃÃ¹JÂKÃÂ«Ã·ÂÃ±KÃ©p`Ã¤Ãµ]Ã¢Â]	ÃÂnÂ©ÃÃ»",
268,"Â;ÃÂfÃ¬Ã!Ã¡5ÃÃ-`Ã?_Â§Ã3@ljÃÃ¸9W[Ã°kgÂÃÂÂ±Q5Ã¢Â²ÃÃ0Â§ÂÂ#ItY/$EÃÂ«G^R6'""ÃSMÂÂ¤'ÃvÂ´8ÃÃÃ­Â~JYLP9ÃesaC)Ãµ#VÃ°Ã­8ÂÃ¥",
269,ÃÃ£Â³\!Ã~Ã«b@ÂÃUÂYÃ¦Ã¼+nÃÃºbÂLÂ¿Â Â­;Ã¾ÂÂ»qÃÃÃ¿Â²Â¶[ÂÃARÂÃ¹ÃÂÂºÂ¤^Â¼Â<XZÃÂ¡k$ÃÂ¶Ã»Ã24Â°Ã­ÃÃ¶IÃ¸BDÃÂ¹ÃbÃÃsÃÃÃSÂÃºGRÂÃÃ¹Â^Â«Â_Ãj+,
270,Ã³ÃÂ/ÂºÂqÂÂ±Â ÃÃ¨Ã®Ã§-Â­/WÃ´PBÃ¼Â¨Ã»Ã´Ã¥	Â WÃ¹Â±jÃ(o%ÃÃÃ»Ã½Ã¡ÂÃ¿PK,
271,Ã¸ÃÂÃ¢ÃºjÃÃ¹pÃ¸Ã´Ã¾ÃÃ Â¢Â&Â¥vÃy,"Â´2N|ÂÂ:ÂV&JCÃcPÂªÃ &kxÂeÂ·ÃJÃ­`$Â¬ÃÂ¾ÂªtÂÂ¾<ZtiÂ42ÂÃ¼ÃÃ¨6BÂ±Â®Â´ÃÃ½Â¸ÂmÃ»""-Ã©>`FÃÃ´Â¨tB%`FÂ©Ã¯Ã°RX"
272,uÃ¯fYÂ¼Ã¸]r(Ã©Â·ÃkÃ¬Ã¢Â¥ÃÂ§Â¬ÃNÃ¹Ã®]Â«ÃÃÂ³ÃÂPcÃ­uÃ$ÃÃ¹|ÃÃ£Ã¸ÃÃ Â¡ÂÃÃ ÃÂÃº#ÃÂOÂ®Ã·FmIÃÂÂÂ­4ÃVMÃÃ¹m)MÂ¹Â¬ÃEÂÂÂÃÂ¿SÃ¼,
273,,ÃÂºÂÂÃ¹Ã¦ÂÃ|dÂ»Ã ^1Â¦ÂÂ¼ÂuQÂ@oÃvÂ¾QÃ°|xXÃÂHÂ¬Â½ÃyTpÃÂ»ÃªÃ²bÃ»ÂÂÃ¦<ÂÃ.$Â]|RÃ2Â;)ÂiÃÃ©TP@Â;5EÂ§9?c#Â6Â½nPnÃÃ²FÃÂPM<ÃÃ*Â{Â»q8ÂÂ¼Ã¹ooÂªÃ«ÃÃ =ÂÂ£CÃ3+Ã¤TÂÂulÂÂÂ|Â£ÃÂ¿ÃµE9Ãru>ÃÃ¯wJÂÂ¬Â­f-
274,E\ÂÂSÂÃÃ¥\Â¿q,ÂÃ\NÂ%Â ÃÃ¹@ÃÃÃ§ÃÃÂÃ[Â´ÃH:Â%Â¢Ã«Ã¿$2ÃÃÃ¤Ây>5_HrÃ²-Â«wPK
275,,
276,ÂHÂ°+Ã¯Ã¯Â¶ÃYÂKÃÂ´)q	dÂ a^Âµ&Ã`o)ÂÃ©T1ÃµÂEÂ¦ZÃmÂzÂÃ§Ã:Ã½ÃµÂrÃ¡Â©Ã¶Ã@ÃÃ»'PÂqÂÃ¤Ã¿Â½cUÂµÃÂ¢Ã»Ã®1Ã°ÂMÂMÃ¨?9Ãx$Ã6ÃÃÃ¥LÂA_Ây\ÂÃN^sÂ¦ÂÃ´Â­Ã¸ÃÂÃ±,;Ã9}Âz:Â[ÃÂÂ§ÂÂÃ Ã²Ãq)ÂlK:Â½Ã¸qÃ¥/PK
277,,
278,6<ÃT,"L*ÂWÃ´{Ã£$ÂAV<nÂ¶Â¬ÂÂÂÂ""ÂSÂ¾tÃªÂRn	UÃ¦5ÃÃ¨Â7dÂÃ±Â£ÂvÃ¦wÃÂ¶Ã®ÂÂ¢ÂZA11Â½"
279,K6Â¸Ã²r}@NÂÂªÂ¿UÂÃÃ´ÃÂ©Â@KTÃÂ¶Â¬@ÂÂ$!&,
280,"?ÂÃ¿dKÃ¡rÃ¸.Â£Â¶ÃºbÃ¢ÂÂ·Â3ÂYÃ¦LÃ¸ÃplDÃµÂ""ÂHÃ¬LÃA(l",
281,Ã­ÃÃ Ã§-BÃ}ÂªÃ©ÃÃµÂ¾ÂÂ¶Â¿,Â¼Ã³ÃÃ³c6Ã¼PK
282,,
283,,
284,,Ã¦Â4Ã¿
285,,
286,,
287,,
288,,
289,,
