script_code,company_name,symbol
500002,ABB India ,ABB
500003,Aegis Logistics ,AEGISCHEM
500008,Amara Raja Batteries ,AMARAJABAT
500020,Bombay Dyeing & Mfg Co ,BOMDYEING
500027,Atul ,ATUL
500032,Bajaj Hindusthan Sugar ,BAJAJHIND
500033,Force Motors ,FORCEMOT
500034,Bajaj Finance ,BAJFINANCE
500038,Balrampur Chini Mills ,BALRAMCHIN
500039,Banco Products  ,BANCOINDIA
500042,BASF India ,BASF
500043,Bata India ,BATAINDIA
500048,BEML ,BEML
500049,Bharat Electronics ,BEL
500055,TATA STEEL BSL ,TATASTLBSL
500060,Birla Cable ,BIRLACABLE
500067,Blue Star ,BLUESTARCO
500078,ORIENTAL AROMATICS ,OAL
500084,CESC ,CESC
500086,Exide Industries ,EXIDEIND
500087,Cipla ,CIPLA
500092,CRISIL ,CRISIL
500096,Dabur India ,DABUR
500101,Arvind ,ARVIND
500102,Ballarpur Industries ,BALLARPUR
500106,IFCI ,IFCI
500108,Mahanagar Telephone Nigam ,MTNL
500111,Reliance Capital ,RELCAPITAL
500112,State Bank Of India,SBIN
500113,Steel Authority of India ,SAIL
500114,Titan Company ,TITAN
500116,IDBI Bank ,IDBI
500117,DCW ,DCW
500119,Dhampur Sugar Mills ,DHAMPURSUG
500124,Dr Reddy's Laboratories ,DRREDDY
500126,PROCTER & GAMBLE HEALTH ,PGHL
500128,Electrosteel Castings ,ELECTCAST
500133,Esab India ,ESABINDIA
500135,Essel Propack ,ESSELPACK
500136,Ester Industries ,ESTER
500144,Finolex Cables ,FINCABLES
500148,Uflex ,UFLEX
500150,Foseco India ,FOSECOIND
500163,Godfrey Phillips India ,GODFRYPHLP
500164,Godrej Industries ,GODREJIND
500165,Kansai Nerolac Paints,KANSAINER
500171,GHCL ,GHCL
500173,GFL ,GFL
500179,HCL Infosystems ,HCL-INSYS
500180,HDFC Bank ,HDFCBANK
500182,Hero MotoCorp ,HEROMOTOCO
500183,HFCL ,HFCL
500185,Hindustan Construction Co ,HCC
500186,Hindustan Oil Exploration Co ,HINDOILEXP
500187,HSIL ,HSIL
500188,Hindustan Zinc ,HINDZINC
500193,HLV ,HLV
500199,IG Petrochemicals ,IGPL
500201,India Glycols ,INDIAGLYCO
500209,Infosys ,INFY
500215,Agro Tech Foods ,ATFL
500219,Jain Irrigation Systems ,JISLJALEQS
500227,Jindal Poly Films ,JINDALPOLY
500228,JSW Steel ,JSWSTEEL
500231,Umang Dairies ,UMANGDAIRY
500233,Kajaria Ceramics ,KAJARIACER
500235,Kalyani Steels ,KSL
500238,Whirlpool of India ,WHIRLPOOL
500241,Kirloskar Brothers ,KIRLOSBROS
500247,Kotak Mahindra Bank ,KOTAKBANK
500249,KSB ,KSB
500250,LgBalkrishnan & Bros ,LGBBROS
500253,Lic Housing Finance ,LICHSGFIN
500257,Lupin ,LUPIN
500260,The Ramco Cements ,RAMCOCEM
500265,Maharashtra Seamless ,MAHSEAMLES
500266,Maharashtra Scooters ,MAHSCOOTER
500268,Manali Petrochemicals ,MANALIPETC
500279,Mirc Electronics ,MIRCELECTR
500280,Century Enka ,CENTENKA
500285,SpiceJet ,SPICEJET
500290,MRF ,MRF
500294,NCC ,NCC
500295,Vedanta ,VEDL
500300,Grasim Industries ,GRASIM
500302,Piramal Enterprises ,PEL
500304,NIIT ,NIIT
500325,Reliance Industries ,RELIANCE
500327,Pil Italica Lifestyle ,PILITA
500330,Raymond ,RAYMOND
500331,Pidilite Industries ,PIDILITIND
500335,Birla Corporation ,BIRLACORPN
500336,Surya Roshni ,SURYAROSNI
500338,PRISM JOHNSON ,PRSMJOHNSN
500339,Rain Industries ,RAIN
500350,RSWM ,RSWM
500355,Rallis India ,RALLIS
500366,Rolta India ,ROLTA
500368,Ruchi Soya Industries ,RUCHI
500378,Jindal Saw ,JINDALSAW
500380,JK Lakshmi Cement ,JKLAKSHMI
500387,Shree Cements ,SHREECEM
500390,Reliance Infrastructure ,RELINFRA
500400,Tata Power Co ,TATAPOWER
500403,Sundram Fasteners ,SUNDRMFAST
500407,Swaraj Engines ,SWARAJENG
500408,Tata Elxsi ,TATAELXSI
500410,ACC ,ACC
500411,Thermax ,THERMAX
500412,Thirumalai Chemicals ,TIRUMALCHM
500413,Thomas Cook  ,THOMASCOOK
500420,Torrent Pharmaceuticals ,TORNTPHARM
500425,Ambuja Cements ,AMBUJACEM
500439,Vardhman Holdings ,VHL
500440,Hindalco Industries ,HINDALCO
500444,West Coast Paper Mills ,WSTCSTPAPR
500463,AGC Networks ,AGCNET
500464,Ucal Fuel Systems ,UCALFUEL
500467,Harrisons Malayalam ,HARRMALAYA
500469,Federal Bank ,FEDERALBNK
500470,TATA STEEL ,TATASTEEL
500472,SKF India ,SKFINDIA
500477,Ashok Leyland ,ASHOKLEY
500480,Cummins India ,CUMMINSIND
500483,Tata Communications ,TATACOMM
500488,Abbott India ,ABBOTINDIA
500493,Bharat Forge ,BHARATFORG
500510,Larsen & Toubro ,LT
500520,Mahindra & Mahindra ,M&M
500530,Bosch ,BOSCH
500547,Bharat Petroleum Corpn ,BPCL
500550,Siemens ,SIEMENS
500570,Tata Motors ,TATAMOTORS
500575,Voltas ,VOLTAS
500650,Excell Industries ,EXCELINDUS
500674,Sanofi India ,SANOFI
500680,Pfizer ,PFIZER
500696,Hindustan Unilever ,HINDUNILVR
500710,Akzo Nobel India ,AKZOINDIA
500730,NOCIL ,NOCIL
500770,Tata Chemicals ,TATACHEM
500777,Tamilnadu Petroproducts ,TNPETRO
500780,Zuari Global ,ZUARIGLOB
500790,Nestle India ,NESTLEIND
500800,TATA CONSUMER PRODUCTS ,TATACONSUM
500820,Asian Paints ,ASIANPAINT
500825,Britannia Industries ,BRITANNIA
500840,EIH ,EIHOTEL
500870,Castrol India ,CASTROLIND
500875,ITC ,ITC
500877,Apollo Tyres ,APOLLOTYRE
500878,Ceat ,CEAT
500940,Finolex Industries ,FINPIPE
501150,Centrum Capital ,CENTRUM
501425,Bombay Burmah Trading Corpn ,BBTC
501455,Greaves Cotton ,GREAVESCOT
502090,Sagar Cements ,SAGCEM
502137,Deccan Cements ,DECCANCE
502157,Mangalam Cement ,MANGLMCEM
502168,NCL Industries ,NCLIND
502180,Shree Digvijay Cement Co ,SHREDIGCEM
502219,BOROSIL RENEWABLES ,BOROSIL
502330,ANDHRA PAPER ,IPAPPM
502450,Seshasayee Paper & Boards ,SESHAPAPER
502742,Sintex Industries ,SINTEX
502937,Kesoram Industries ,KESORAMIND
503031,Peninsula Land ,PENINLAND
503100,The Phoenix Mills ,PHOENIX
503310,Swan Energy ,SWANENERGY
503806,SRF ,SRF
503811,Siyaram Silk Mills ,SIYSIL
503960,Bharat Bijlee ,BBL
504036,Hind Rectifiers ,HIRECT
504067,Zensar Technologies ,ZENSARTECH
504112,Nelco ,NELCO
504212,Universal Cables ,UNIVCABLES
504741,Indian Hume Pipe Co ,INDIANHUME
505010,Automotive Axles ,AUTOAXLES
505075,Setco Automotive ,SETCO
505192,SML ISUZU ,SMLISUZU
505196,TIL ,TIL
505200,Eicher Motors ,EICHERMOT
505242,Dynamatic Technologies ,DYNAMATECH
505255,GMM Pfaudler ,GMMPFAUDLR
505355,Nesco ,NESCO
505412,Wendt  ,WENDT
505526,Dolat Investments ,DOLAT
505533,Westlife Development ,WESTLIFE
505714,Gabriel India ,GABRIEL
505726,IFB Industries ,IFBIND
505790,Schaeffler India ,SCHAEFFLER
505800,Rane Holdings ,RANEHOLDIN
505854,TRF ,TRF
506022,Prakash Industries ,PRAKASH
506076,Grindwell Norton ,GRINDWELL
506197,Bliss GVS Pharma ,BLISSGVS
506222,INEOS Styrolution India ,INEOSSTYRO
506235,Alembic  ,ALEMBIC
506285,Bayer CropScience ,BAYERCROP
506401,Deepak Nitrite ,DEEPAKNTR
506480,GOCL Corporation ,GOCLCORP
506590,Phillips Carbon Black ,PHILIPCARB
506655,Sudarshan Chemical Indus ,SUDARSCHEM
506690,Unichem Laboratories ,UNICHEMLAB
506820,AstraZeneca Pharma India ,ASTRAZEN
507205,Tilaknagar Industries ,TI
507410,Walchandnagar Industries ,WALCHANNAG
507438,IFB Agro Industries ,IFBAGRO
507488,GM Breweries ,GMBREW
507685,Wipro  ,WIPRO
507717,Dhanuka Agritech ,DHANUKA
507747,TTK Healthcare ,TTKHLTCARE
507815,Gillette India ,GILLETTE
507878,Unitech ,UNITECH
507880,VIP Industries ,VIPIND
508814,Cosmo Films ,COSMOFILMS
508906,Everest Industries ,EVERESTIND
508989,Navneet Education ,NAVNETEDUL
509055,Visaka Industries ,VISAKAIND
509079,Gufic BioSciences ,GUFICBIO
509243,TVS Srichakra ,TVSSRICHAK
509488,Graphite India ,GRAPHITE
509496,ITD Cementation India ,ITDCEM
509567,Goa Carbon ,GOACARBON
509631,HEG ,HEG
509635,Hindustan Composites ,HINDCOMPOS
509675,HIL ,HIL
509715,Jay Shree Tea & Industries ,JAYSREETEA
509820,Huhtamaki PPL ,PAPERPROD
509874,Shalimar Paints ,SHALPAINTS
509930,Supreme Industries ,SUPREMEIND
509966,VST Industries ,VSTIND
511076,Sat Industries ,VSTIND
511196,Can Fin Homes ,CANFINHOME
511208,IL & FS Investment Managers ,IVC
511333,VLS Finance ,VLSFINANCE
511431,Vakrangee ,VAKRANGEE
511676,GIC Housing Finance ,GICHSGFIN
512070,UPL ,UPL
512179,Sunteck Realty ,SUNTECK
512237,Jai Corp ,JAICORP
512529,Sequent Scientific ,SEQUENT
512559,Kohinoor Foods ,KOHINOOR
512573,Avanti Feeds ,AVANTIFEED
512599,Adani Enterprises ,ADANIENT
513121,Oricon Enterprises ,ORICONENT
513216,Uttam Galva Steels ,UTTAMSTL
513228,Pennar Industries ,PENIND
513262,Steel Strips & Wheels ,SSWL
513269,Man Industries  ,MANINDS
513375,Carborundum Universal ,CARBORUNIV
513377,MMTC ,MMTC
513434,Tata Metaliks ,TATAMETALI
513519,PITTI ENGINEERING ,PITTIENG
513599,Hindustan Copper ,HINDCOPPER
513605,Srikalahasthi Pipes ,SRIPIPES
513683,NLC India ,NLCINDIA
514034,JBF Industries ,JBFIND
514043,Himatsingka Seide ,HIMATSEIDE
514162,Welspun India ,WELSPUNIND
514167,Ganesha Ecosphere ,GANECOS
515030,Asahi India Glass ,ASAHIINDIA
515055,Anant Raj ,ANANTRAJ
516016,Shreyans Industries ,SHREYANIND
516022,Star Paper Mills ,STARPAPER
517015,Vindhya Telelinks ,VINDHYATEL
517041,Ador Welding ,ADORWELD
517059,Salzer Electronics ,SALZERELEC
517146,Usha Martin ,USHAMART
517168,Subros ,SUBROS
517174,Honeywell Automation India ,HONAUT
517206,Lumax Industries ,LUMAXIND
517271,HBL Power Systems ,HBLPOWER
517330,CMI ,CMICABLES
517334,Motherson Sumi Systems ,MOTHERSUMI
517354,Havells India ,HAVELLS
517380,Igarashi Motors India ,IGARASHI
517385,Symphony ,SYMPHONY
517506,TTK Prestige ,TTKPRESTIG
517544,Centum Electronics ,CENTUM
517562,Trigyn Technologies ,TRIGYN
517569,KEI Industries ,KEI
519091,Tasty Bite Eatables ,TASTYBITE
519105,AVT Natural Products ,AVTNPL
519126,Hindustan Foods ,HNDFDS
519156,Vadilal Industries ,VADILALIND
519183,ADF Foods ,ADFFOODS
519383,Anik Industries ,ANIKINDS
519552,Heritage Foods ,HERITGFOOD
519588,DFM Foods ,DFMFOODS
519600,CCL Products  ,CCL
520008,RICO Auto Industries ,RICOAUTO
520043,Munjal Showa ,MUNJALSHOW
520056,Sundaram Clayton ,SUNCLAY
520057,JTEKT India ,JTEKTINDIA
520066,Jay Bharat Maruti ,JAYBARMARU
520113,Vesuvius India ,VESUVIUS
521016,Indo Count Industries ,ICIL
521064,Trident ,TRIDENT
521070,Alok Industries ,ALOKTEXT
521248,Kitex Garmenets ,KITEX
522034,Shanthi Gears ,SHANTIGEAR
522073,The Hi-Tech Gears ,HITECHGEAR
522074,Elgi Equipments ,ELGIEQUIP
522113,Timken India ,TIMKEN
522205,Praj Industries ,PRAJIND
522241,MMForgings ,MMFL
522249,Mayur Uniquoters ,MAYURUNIQ
522263,JMC Projects  ,JMCPROJECT
522275,GE T&D India ,GET&D
522295,Control Print  ,CONTROLPR
523127,EIH Associated Hotels ,EIHAHOTELS
523204,Aban  Offshore ,ABAN
523207,Kokuyo Camlin ,KOKUYOCMLN
523261,Venky's  ,VENKEYS
523319,Balmer Lawrie & Co ,BALMLAWRIE
523367,DCM Shriram ,DCMSHRIRAM
523371,Mawana Sugars ,MAWANASUG
523385,Nilkamal ,NILKAMAL
523391,Nahar Polyfilms ,NAHARPOLY
523395,3M India ,3MINDIA
523405,JM Financial ,JMFINANCIL
523457,Linde India ,LINDEINDIA
523574,Future Enterprises ,FEL
523642,PI Industries ,PIIND
523648,Plastiblends India ,PLASTIBLEN
523660,Waterbase ,WATERBASE
523704,Mastek ,MASTEK
523716,Ashiana Housing ,ASHIANA
523756,SREI Infrastructure Finance ,SREINFRA
523792,Mazda ,MAZDA
523828,Menon Bearings ,MENONBE
523838,Simplex Infrastructures ,SIMPLEXINF
524000,Magma Fincorp  ,MAGMA
524051,Polyplex Corporation ,POLYPLEX
524075,Albert David ,ALBERTDAVD
524129,Vinyl Chemicals  ,VINYLINDIA
524200,Vinati Organics ,VINATIORGA
524208,Aarti Industries ,AARTIIND
524226,Gujarat Ambuja Exports ,GAEL
524280,Kopran ,KOPRAN
524324,Seya Industries ,SEYAIND
524330,Jayant Agro-Organics ,JAYAGROGN
524332,BCL INDUSTRIES ,NCLIND
524348,Aarti Drugs ,AARTIDRUGS
524370,Bodal Chemicals ,BODALCHEM
524394,Vimta Labs ,VIMTALABS
524404,Marksans Pharma ,MARKSANS
524494,Ipca Laboratories ,IPCALAB
524669,Hester Biosciences ,HESTERBIO
524709,NACL Industries ,NACLIND
524735,Hikal ,HIKAL
524804,Aurobindo Pharma ,AUROPHARMA
524816,Natco Pharma ,NATCOPHARM
524820,Panama Petrochem ,PANAMAPET
524824,Bal Pharma ,BALPHARMA
526227,Filatex India ,FILATEX
526235,Mercator ,MERCATOR
526299,Mphasis ,MPHASIS
526371,NMDC ,NMDC
526397,Alphageo ,ALPHAGEO
526521,Sanghi Industries ,SANGHIIND
526596,Liberty Shoes ,LIBERTSHOE
526608,Electrotherm  ,ELECTHERM
526612,Blue Dart Express ,BLUEDART
526666,Bhartiya International ,BIL
526668,Kamat Hotels  ,KAMATHOTEL
526707,Alchemist ,ALCHEM
526723,NTC INDUSTRIES ,NCLIND
526725,Sandesh ,SANDESH
526729,Goldiam International ,GOLDIAM
526797,Greenply Industries ,GREENPLY
526807,Seamec ,SEAMEC
526881,63 Moons Technologies ,63MOONS
526947,La Opala RG ,LAOPALA
530007,JK Tyre & Industries ,JKTYRE
530019,JUBILANT LIFE SCIENCES ,JUBILANT
530117,Fairchem Speciality ,FAIRCHEM
530199,Themis Medicare ,THEMISMED
530239,Suven Life Sciences ,SUVEN
530367,NRB Bearings ,NRBBEARING
530549,Shilpa Medicare ,SHILPAMED
530655,Goodluck India ,GOODLUCK
530759,Sterling Tools ,STERTOOLS
530803,Bhageria Industries ,BHAGERIA
530813,KRBL ,KRBL
530843,Cupid ,CUPID
530919,Remsons Industries ,REMSONSIND
530961,Vikas EcoTech ,VIKASECO
530999,Balaji Amines ,BALAMINES
531082,Alankit ,ALANKIT
531120,Patel Engineering ,PATELENG
531162,Emami ,EMAMI
531209,Nucleus Software Exports ,NUCLEUS
531213,Manappuram Finance ,MANAPPURAM
531266,VSTTillers Tractors ,VSTTILLERS
531335,Zydus Wellness ,ZYDUSWELL
531337,JUMP NETWORKS ,JUMPNET
531349,Panacea Biotec ,PANACEABIO
531373,The Byke Hospitality    ,BYKE
531431,Shakti Pumps  ,SHAKTIPUMP
531500,Rajesh Exports ,RAJESHEXPO
531531,Hatsun Agro Products ,HATSUN
531543,Jindal Worldwide ,JINDWORLD
531548,Somany Ceramics ,SOMANYCERA
531595,Capri Global Capital ,CGCL
531599,FDC ,FDC
531642,Marico ,MARICO
531761,APOLLO PIPES ,APOLLOPIPE
531768,Poly Medicure ,POLYMED
531795,Atul Auto ,ATULAUTO
531882,Kwality ,KWALITY
531978,Ambika Cotton Mills ,AMBIKCO
532081,KSS ,KSERASERA
532129,Hexaware Technologies ,HEXAWARE
532134,Bank Of Baroda,BANKBARODA
532144,Welspun Corp ,WELCORP
532149,Bank of India,BANKINDIA
532155,Gail  ,GAIL
532156,Vaibhav Global ,VAIBHAVGBL
532162,JK Paper ,JKPAPER
532163,Saregama India ,SAREGAMA
532174,ICICI Bank ,ICICIBANK
532175,Cyient ,CYIENT
532178,Engineers India ,ENGINERSIN
532180,Dhanlaxmi Bank ,DHANBANK
532187,IndusInd Bank ,INDUSINDBK
532210,City Union Bank ,CUB
532215,AXIS Bank ,AXISBANK
532221,Sonata Software ,SONATSOFTW
532234,National Aluminium Co ,NATIONALUM
532256,Nalwa Sons Investment ,NSIL
532259,Apar Industries ,APARINDS
532281,HCL Technologies ,HCLTECH
532286,Jindal Steel & Power ,JINDALSTEL
532296,Glenmark Pharmaceuticals ,GLENMARK
532300,Wockhardt ,WOCKPHARMA
532301,Tata Coffee ,TATACOFFEE
532309,GE Power India ,GEPIL
532321,Cadila Healthcare ,CADILAHC
532331,Ajanta Pharma ,AJANTPHARM
532343,TVS Motor Company ,TVSMOTOR
532345,Gati ,GATI
532348,Subex  ,SUBEX
532351,Aksh Optifibre ,AKSHOPTFBR
532366,PNB Gilts ,PNBGILTS
532369,Ramco Industries ,RAMCOIND
532370,Ramco Systems ,RAMCOSYS
532374,Sterlite Technologies ,STRTECH
532382,Balaji Telefilms ,BALAJITELE
532388,Indian Overseas Bank,IOB
532390,Taj GVK Hotels & Resorts ,TAJGVK
532391,Opto Circuits  ,OPTOCIRCUI
532400,BIRLASOFT ,BSOFT
532404,Saven Technologies ,SASKEN
532419,Smartlink Holdings ,SMARTLINK
532424,Godrej Consumer Products ,GODREJCP
532430,BF Utilities ,BFUTILITIE
532432,United Spirits ,MCDOWELL-N
532439,OLECTRA GREENTECH ,OLECTRA
532440,MPS ,MPS
532443,Cera Sanitaryware ,CERA
532454,Bharti Airtel  ,BHARTIARTL
532457,Gulshan Polyols ,GULPOLY
532461,Punjab National Bank,PNB
532475,Aptech ,APTECHT
532477,Union Bank of India,UNIONBANK
532478,United Breweries ,UBL
532482,Granules India ,GRANULES
532483,Canara Bank,CANBK
532486,Pokarna ,POKARNA
532488,Divi's Laboratories ,DIVISLAB
532497,Radico Khaitan ,RADICO
532500,Maruti Suzuki India  ,MARUTI
532505,UCO Bank,UCOBANK
532508,Jindal Stainless ,JSL
532509,Suprajit Engineering ,SUPRAJIT
532513,TVS Electronics ,TVSELECT
532514,Indraprashtha Gas ,IGL
532515,TVToday Network ,TVTODAY
532522,PETRONET LNG ,PETRONET
532523,Biocon ,BIOCON
532524,PTC India ,PTC
532525,Bank of maharashtra,MAHABANK
532527,ramkrishna forgings ,RKFORGE
532532,Jaiprakash Associates ,JPASSOCIAT
532538,UltraTech Cement ,ULTRACEMCO
532539,Minda Industries ,MINDAIND
532541,COFORGE ,NIITTECH
532548,Century Plyboards  ,CENTURYPLY
532553,Welspun Enterprises ,WELENT
532555,NTPC ,NTPC
532605,JBM Auto ,JBMA
532612,Indoco Remedies ,INDOCO
532613,VIP Clothing ,VIPCLOTHNG
532616,Xchanging Solutions ,XCHANGING
532617,Jet Airways  ,JETAIRWAYS
532622,GATEWAY DISTRIPARKS ,GDL
532628,3i Infotech ,3IINFOTECH
532630,Gokaldas Exports ,GOKEX
532636,IIFL FINANCE  ,IIFL
532638,Shoppers Stop ,SHOPERSTOP
532644,JK CEMENT ,JKCEMENT
532646,Uniply Industries ,UNIPLY
532648,Yes Bank ,YESBANK
532649,Nectar Lifesciences ,NECLIFE
532652,Karnataka Bank ,KTKBANK
532654,McLeod Russel India ,MCLEODRUSS
532659,IDFC ,IDFC
532660,Vivimed Labs ,VIVIMEDLAB
532661,Rane (Madras)  ,RML
532662,HT Media ,HTMEDIA
532663,Sasken Technologies ,SASKEN
532667,SUZLON ENERGY ,SUZLON
532670,Shree Renuka Sugars ,RENUKA
532683,AIA Engineering ,AIAENG
532684,Everest Kanto Cylinders ,EKC
532687,Repro India ,REPRO
532689,PVR ,PVR
532693,Punj LLoyd ,PUNJLLOYD
532698,Nitin Spinners ,NITINSPIN
532699,Royal Orchid Hotels ,ROH
532702,Gujarat State Petronet ,GSPL
532705,Jagran Prakashan ,JAGRAN
532706,Inox Leisure ,INOXLEISUR
532707,Dynemic Products ,DYNPRO
532710,Sadbhav Engineering ,SADBHAV
532712,Reliance Communications ,RCOM
532722,Nitco ,NITCO
532729,Uttam Sugar Mills ,UTTAMSUGAR
532732,Kewal Kiran Clothing ,KKCL
532733,SUN TV NETWORK ,SUNTV
532740,Lokesh Machines ,LOKESHMACH
532746,Unity Infraprojects ,UNITY
532749,Allcargo Logistics ,ALLCARGO
532754,GMR Infrastructure ,GMRINFRA
532755,Tech Mahindra ,TECHM
532757,VOLTAMP TRANSFORMERS ,VOLTAMP
532759,Atlanta ,ATLANTA
532760,Deep Industries ,DEEPIND
532761,HOV Services ,HOVS
532767,Gayatri Projects ,GAYAPROJ
532768,FIEM INDUSTRIES ,FIEMIND
532772,DCB Bank ,DCBBANK
532773,Global Vectra Helicorp ,GLOBALVECT
532777,Info Edge ,NAUKRI
532779,TORRENT POWER ,TORNTPOWER
532783,LT Foods ,DAAWAT
532784,Sobha ,SOBHA
532785,Ruchira Papers ,RUCHIRA
532790,Tanla Solutions ,TANLA
532794,Zee Media Corporation ,ZEEMEDIA
532800,TV18 Broadcast ,TV18BRDCST
532805,Redington  ,REDINGTON
532807,Cineline India ,CINELINE
532814,Indian Bank,INDIANB
532815,SMS Pharmaceuticals ,SMSPHARMA
532819,MindTree  ,MINDTREE
532822,VODAFONE IDEA ,IDEA
532827,Page Industries ,PAGEIND
532834,Camlin Fine Sciences ,CAMLINFINE
532835,ICRA ,ICRA
532839,Dish TV India ,DISHTV
532843,Fortis Healthcare ,FORTIS
532847,HILTON METAL FORGING ,HILTON
532848,Delta Corp ,DELTACORP
532850,MIC Electronics ,MIRCELECTR
532853,Asahi Songwon Colors ,ASAHISONG
532856,Time Technoplast ,TIMETECHNO
532864,Nelcast ,NELCAST
532865,Meghmani Organics ,MEGH
532867,V2 Retail ,V2RETAIL
532868,DLF ,DLF
532878,Alpa Laboratories ,ALPA
532880,OMAXE ,OMAXE
532884,Refex Industries ,REFEX
532885,Central Bank of India,CENTRALBK
532889,KPR Mill ,KPRMILL
532890,Take Solutions ,TAKE
532891,Puravankara ,PURVA
532900,PAISALO DIGITAL ,PAISALO
532926,JYOTHY LABS ,JYOTHYLAB
532927,eClerx Services ,ECLERX
532930,BGR ENERGY SYSTEMS ,BGRENERGY
532934,PPAP Automotive ,PPAP
532935,Aries Agro ,ARIES
532939,Reliance Power ,RPOWER
532944,OnMobile Global ,ONMOBILE
532945,Shriram EPC ,SHRIRAMEPC
532951,GSS Infotech ,GSS
532955,REC ,REC
532960,Indiabulls Ventures ,IBVENTURES
532966,Titagarh Wagons ,TWL
532967,KIRI INDUSTRIES ,KIRIINDUS
532974,Aditya Birla  Money ,BIRLAMONEY
532977,Bajaj Auto ,BAJAJ-AUTO
532978,Bajaj Finserv ,BAJAJFINSV
532983,RPG Life Sciences ,RPGLIFE
532987,Rane Brake Lining ,RBL
533022,20 Microns ,20MICRONS
533023,WABCO India ,WABCOINDIA
533080,Mold-Tek Packaging ,MOLDTKPAC
533096,Adani Power ,ADANIPOWER
533098,NHPC ,NHPC
533104,Globus Spirits ,GLOBUSSPR
533106,Oil India ,OIL
533122,RattanIndia Power ,RTNPOWER
533137,DEN Networks ,DEN
533138,ASTEC LIFESCIENCES ,ASTEC
533144,Cox & Kings ,COX&KINGS
533148,JSW Energy ,JSWENERGY
533150,Godrej Properties ,GODREJPROP
533151,DBCorp ,DBCORP
533155,Jubilant Foodworks ,JUBLFOOD
533156,Vascon Engineers ,VASCONEQ
533158,Thangamayil Jewellery ,THANGAMAYL
533162,Hathway Cable & Datacom ,HATHWAY
533179,Persistent Systems ,PERSISTENT
533206,SJVN ,SJVN
533218,EMAMI REALTY ,EMAMIREAL
533229,BAJAJ CONSUMER CARE ,BAJAJCON
533248,Gujarat Pipavav Port ,GPPL
533260,Career Point ,CAREERP
533269,VA Tech Wabag ,WABAG
533271,Ashoka Buildcon ,ASHOKA
533273,OBEROI REALTY ,OBEROIRLTY
533278,Coal India ,COALINDIA
533282,GRAVITA INDIA ,GRAVITA
533284,RPP INFRA PROJECTS ,RPPINFRA
533286,MOIL ,MOIL
533287,ZEE LEARN ,ZEELEARN
533292,A2Z Infra Engineering ,A2ZINFRA
533295,PUNJAB & SIND BANK,PSB
533296,Future Market Networks ,FMNL
533303,BF Investment ,BFINVEST
533320,Jubilant Industries ,JUBLINDS
533321,Bil Energy Systems ,BILENERGY
533333,Fineotex Chemical ,FCL
533336,Dhunseri Investments ,DHUNINV
533339,Zen Technologies ,ZENTEC
533343,Lovable Lingerie ,LOVABLE
533398,MUTHOOT FINANCE ,MUTHOOTFIN
533400,Future Consumer ,FCONSUMER
533470,Rushil Decor ,RUSHIL
533482,Kridhan Infra ,KRIDHANINF
533519,L&T FINANCE HOLDINGS ,L&TFH
533552,RUPA & COMPANY ,RUPA
533553,TD Power Systems ,TDPOWERSYS
533581,PG Electroplast ,PGEL
533644,Ujaas Energy ,UJAAS
533655,Triveni Turbine ,TRITURBINE
533758,APL Apollo Tubes ,APLAPOLLO
533761,GPT Infraprojects ,GPTINFRA
534076,Orient Refractories ,ORIENTREF
534309,NBCC  ,NBCC
534312,MT EDUCARE ,MTEDUCARE
534675,Prozone Intu Properties ,PROZONINTU
534690,LAKSHMI VILAS BANK ,LAKSHVILAS
534742,ZUARI AGRO CHEMICALS ,ZUARI
534758,Cigniti Technologies ,CIGNITITEC
534804,CARE Ratings ,CARERATING
534809,PC JEWELLER ,PCJEWELLER
534816,Bharti Infratel ,INFRATEL
534976,V-Mart Retail ,VMART
535322,Repco Home Finance ,REPCOHOME
535601,Sreeleathers ,SREEL
535648,Just Dial ,JUSTDIAL
535754,ORIENT CEMENT ,ORIENTCEM
538268,Wonderla Holidays ,WONDERLA
538365,Adhunik Industries ,ADHUNIKIND
538562,Skipper ,SKIPPER
538635,SNOWMAN LOGISTICS ,SNOWMAN
538666,Sharda Cropchem ,SHARDACROP
538835,INTELLECT DESIGN ARENA ,INTELLECT
538836,Monte Carlo Fashions ,MONTECARLO
538962,Minda Corporation ,MINDACORP
538979,Greenlam Industries ,GREENLAM
539083,Inox Wind ,INOXWIND
539118,VRL Logistics ,VRLLOG
539141,UFO Moviez India ,UFO
539150,PNC Infratech ,PNCINFRA
539225,Jiya Eco-Products ,JIYAECO
539254,Adani Transmission ,ADANITRANS
539268,Syngene International ,SYNGENE
539276,Kaya ,KAYA
539289,MAJESCO ,MAJESCO
539301,Arvind SmartSpaces ,ARVSMART
539302,Power Mech Projects ,POWERMECH
539332,Navkar Corporation ,NAVKARCORP
539336,Gujarat Gas ,GUJGAS
539351,Prabhat Dairy ,PRABHAT
539437,IDFC FIRST BANK ,IDFCFIRSTB
539448,InterGlobe Aviation ,INDIGO
539523,Alkem Laboratories ,ALKEM
539524,Dr Lal Pathlabs ,LALPATHLAB
539542,LUX Industries ,LUXIND
539551,Narayana Hrudayalaya ,NH
539658,TeamLease Services ,TEAMLEASE
539807,INFIBEAM AVENUES ,INFIBEAM
539844,Equitas Holdings ,EQUITAS
539889,Parag Milk Foods ,PARAGMILK
539957,Mahanagar Gas ,MGL
539978,Quess Corp ,QUESS
540047,Dilip Buildcon ,DBL
540048,SP Apparels ,SPAL
540064,Future Retail ,FRETAIL
540065,RBL Bank ,RBLBANK
540136,HPL Electric & Power ,HPL
540180,Varun Beverages ,VBL
540203,Sheela Foam ,SFL
540212,TCI Express ,TCIEXP
540222,Laurus Labs ,LAURUSLABS
540293,Pricol ,PRICOL
540366,Music Broadcast ,RADIOCITY
540376,Avenue Supermarts ,DMART
540497,S Chand And Company ,SCHAND
540526,IRB InvIT Fund,IRBINVIT
540544,PSP Projects ,PSPPROJECT
540565,India Grid Trust,INDIGRID
540575,Star Cement ,STARCEMENT
540595,Tejas Networks ,TEJASNET
540596,Eris Lifesciences ,ERIS
540602,GTPL Hathway ,GTPL
540611,AU Small Finance Bank ,AUBANK
540649,AVADH SUGAR & ENERGY ,AVADHSUGAR
540678,Cochin Shipyard ,COCHINSHIP
540680,KIOCL ,KIOCL
540691,Aditya Birla Capital ,ABCAPITAL
540692,Apex Frozen Foods ,APEX
540700,Bharat Road Network ,BRNL
540701,Dishman Carbogen Amcis ,DCAL
540704,Matrimonycom ,MATRIMONY
540709,Reliance Home Finance ,RHFL
540710,Capacit'e Infraprojects ,CAPACITE
540724,Prataap Snacks ,DIAMONDYD
540743,Godrej Agrovet ,GODREJAGRO
540768,Mahindra Logistics ,MAHLOG
540775,Khadim India ,KHADIM
540776,5paisa Capital ,5PAISA
540797,Shalby ,SHALBY
540879,Apollo Micro Systems ,APOLLO
540935,Galaxy Surfactants ,GALAXYSURF
540975,Aster DM Healthcare ,ASTERDM
541019,HG Infra Engineering ,HGINFRA
541143,Bharat Dynamics ,BDL
541153,Bandhan Bank ,BANDHANBNK
541154,Hindustan Aeronautics ,HAL
541161,Karda Constructions ,KARDA
541179,ICICI Securities ,ISEC
541195,Mishra Dhatu Nigam ,MIDHANI
541233,Lemon Tree Hotels ,LEMONTREE
541301,Orient Electric ,ORIENTELEC
541403,Dollar Industries ,DOLLAR
541450,Adani Green Energy ,ADANIGREEN
541556,RITES ,RITES
541578,Varroc Engineering ,VARROC
541700,TCNS Clothing Co ,TCNSBRANDS
541770,CreditAccess Grameen ,CREDITACC
541956,IRCON International ,IRCON
541988,AAVAS Financiers ,AAVAS
542066,Adani Gas ,ADANIGAS
542216,DALMIA BHARAT ,DALBHARAT
542231,Nila Spaces ,NILASPACES
542333,CESC Ventures ,CESCVENT
542337,Spencer's Retail ,SPENCERS
542399,Chalet Hotels ,CHALET
542460,The Anup Engineering ,ANUP
542484,Arvind Fashions ,ARVINDFASN
542597,MSTC ,MSTC
542602,Embassy Office Parks REIT,EMBASSY
542649,Rail Vikas Nigam ,RVNL
542650,Metropolis Healthcare ,METROPOLIS
542651,KPIT Technologies ,KPITTECH
542652,Polycab India ,POLYCAB
542655,Vikas Multicorp ,VIKASMCORP
542665,Neogen Chemicals ,NEOGEN
542684,Prakash Pipes ,PPL
542726,IndiaMART InterMESH ,INDIAMART
542752,Affle  ,AFFLE
542773,IIFL Securities ,IIFLSEC
542812,Gujarat Fluorochemicals ,GUJFLUORO
542867,CSB Bank ,CSBBANK
542904,Ujjivan Small Finance Bank ,UJJIVANSFB
542932,Birla Tyres ,BIRLATYRE
543064,SUVEN PHARMACEUTICALS ,SUVENPHAR
543212,Borosil ,BORO
543213,ROSSARI BIOTECH ,ROSSARI
543217,Mindspace Business Parks REIT,MINDSPACE
570001,Tata Motors ,TATAMOTORS
570002,Future Enterprises ,FEL
570004,Jain Irrigation Systems ,JISLJALEQS
590003,Karur Vysya Bank ,KARURVYSYA
590005,Tide Water Oil  ,TIDEWATER
590021,Bharat Rasayan ,BHARATRAS
590051,Saksoft ,SAKSOFT
590066,KCP ,KCP
590071,SUNDARAM FINANCE ,SUNDARMFIN
590073,WHEELS INDIA ,WHEELS
590078,Maithan Alloys ,MAITHANALL
590134,Madras Fertilizers ,MADRASFERT
890147,Reliance Industries ,RELIANCE
